-- MySQL dump 10.13  Distrib 5.5.44, for debian-linux-gnu (x86_64)
--
-- Host: localhost    Database: first_d
-- ------------------------------------------------------
-- Server version	5.5.44-0ubuntu0.14.10.1-log

/*!40101 SET @OLD_CHARACTER_SET_CLIENT=@@CHARACTER_SET_CLIENT */;
/*!40101 SET @OLD_CHARACTER_SET_RESULTS=@@CHARACTER_SET_RESULTS */;
/*!40101 SET @OLD_COLLATION_CONNECTION=@@COLLATION_CONNECTION */;
/*!40101 SET NAMES utf8 */;
/*!40103 SET @OLD_TIME_ZONE=@@TIME_ZONE */;
/*!40103 SET TIME_ZONE='+00:00' */;
/*!40014 SET @OLD_UNIQUE_CHECKS=@@UNIQUE_CHECKS, UNIQUE_CHECKS=0 */;
/*!40014 SET @OLD_FOREIGN_KEY_CHECKS=@@FOREIGN_KEY_CHECKS, FOREIGN_KEY_CHECKS=0 */;
/*!40101 SET @OLD_SQL_MODE=@@SQL_MODE, SQL_MODE='NO_AUTO_VALUE_ON_ZERO' */;
/*!40111 SET @OLD_SQL_NOTES=@@SQL_NOTES, SQL_NOTES=0 */;

--
-- Table structure for table `posts`
--

DROP TABLE IF EXISTS `posts`;
/*!40101 SET @saved_cs_client     = @@character_set_client */;
/*!40101 SET character_set_client = utf8 */;
CREATE TABLE `posts` (
  `id` int(11) NOT NULL AUTO_INCREMENT,
  `user_id` int(11) DEFAULT NULL,
  `content` varchar(255) COLLATE utf8_unicode_ci DEFAULT NULL,
  `created_at` datetime DEFAULT NULL,
  `updated_at` datetime DEFAULT NULL,
  PRIMARY KEY (`id`),
  KEY `index_posts_on_user_id` (`user_id`)
) ENGINE=InnoDB AUTO_INCREMENT=1002 DEFAULT CHARSET=utf8 COLLATE=utf8_unicode_ci;
/*!40101 SET character_set_client = @saved_cs_client */;

--
-- Dumping data for table `posts`
--

LOCK TABLES `posts` WRITE;
/*!40000 ALTER TABLE `posts` DISABLE KEYS */;
INSERT INTO `posts` VALUES (1,89,'Aut ut reiciendis quia laborum numquam mollitia dolorem molestiae.','2015-09-09 06:32:56','2015-09-09 06:32:56'),(2,12,'Incidunt est nisi veritatis quod sit.','2015-09-09 06:32:57','2015-09-09 06:32:57'),(3,57,'Quis magnam dolores ut.','2015-09-09 06:32:57','2015-09-09 06:32:57'),(4,88,'Perferendis ratione iusto aut vel laboriosam aut.','2015-09-09 06:32:57','2015-09-09 06:32:57'),(5,95,'Voluptas quia deserunt et quidem est.','2015-09-09 06:32:57','2015-09-09 06:32:57'),(6,94,'Eos culpa voluptatem totam perferendis assumenda nihil a odio.','2015-09-09 06:32:57','2015-09-09 06:32:57'),(7,18,'Et ipsa labore et.','2015-09-09 06:32:57','2015-09-09 06:32:57'),(8,13,'Voluptatem et nisi dolores corporis quidem a necessitatibus.','2015-09-09 06:32:57','2015-09-09 06:32:57'),(9,93,'In ut id ut.','2015-09-09 06:32:57','2015-09-09 06:32:57'),(10,83,'Expedita consequatur quis dignissimos.','2015-09-09 06:32:57','2015-09-09 06:32:57'),(11,65,'Veritatis blanditiis qui voluptatem voluptas.','2015-09-09 06:32:57','2015-09-09 06:32:57'),(12,2,'Quos nostrum vero aut voluptatem voluptates maiores.','2015-09-09 06:32:57','2015-09-09 06:32:57'),(13,40,'Debitis eligendi alias molestiae pariatur illo.','2015-09-09 06:32:57','2015-09-09 06:32:57'),(14,78,'Earum quam ea fugit voluptatem dolores totam adipisci eius.','2015-09-09 06:32:57','2015-09-09 06:32:57'),(15,2,'Sunt sint et eligendi reiciendis.','2015-09-09 06:32:57','2015-09-09 06:32:57'),(16,10,'Cupiditate maxime aut molestias libero voluptatem tempore aut.','2015-09-09 06:32:57','2015-09-09 06:32:57'),(17,66,'Doloribus doloremque repudiandae fugiat.','2015-09-09 06:32:57','2015-09-09 06:32:57'),(18,39,'Voluptas voluptatem nesciunt et laboriosam quam veritatis est.','2015-09-09 06:32:57','2015-09-09 06:32:57'),(19,34,'Harum pariatur voluptatibus at vel velit odio aut dolorem.','2015-09-09 06:32:57','2015-09-09 06:32:57'),(20,65,'Corporis accusamus qui placeat.','2015-09-09 06:32:57','2015-09-09 06:32:57'),(21,84,'Sit animi nihil est delectus corporis ut eum provident.','2015-09-09 06:32:58','2015-09-09 06:32:58'),(22,85,'Aliquam rerum nostrum vero pariatur.','2015-09-09 06:32:58','2015-09-09 06:32:58'),(23,33,'Quasi neque maxime consequuntur quidem.','2015-09-09 06:32:58','2015-09-09 06:32:58'),(24,14,'Aperiam assumenda facere aliquam et voluptates.','2015-09-09 06:32:58','2015-09-09 06:32:58'),(25,85,'Aut praesentium saepe laborum.','2015-09-09 06:32:58','2015-09-09 06:32:58'),(26,13,'Aliquid delectus rem illo quaerat omnis.','2015-09-09 06:32:58','2015-09-09 06:32:58'),(27,33,'Eos et nobis ex.','2015-09-09 06:32:58','2015-09-09 06:32:58'),(28,27,'Eius ab ipsa autem molestiae nisi.','2015-09-09 06:32:58','2015-09-09 06:32:58'),(29,92,'Ipsam necessitatibus et voluptatem.','2015-09-09 06:32:58','2015-09-09 06:32:58'),(30,99,'Odit id consequatur quia accusamus.','2015-09-09 06:32:58','2015-09-09 06:32:58'),(31,72,'Reiciendis dolor non sapiente.','2015-09-09 06:32:58','2015-09-09 06:32:58'),(32,97,'Vel harum nostrum ipsa voluptates fuga error dolores.','2015-09-09 06:32:58','2015-09-09 06:32:58'),(33,54,'Aut ipsum cupiditate non architecto quia.','2015-09-09 06:32:58','2015-09-09 06:32:58'),(34,38,'Ratione nostrum exercitationem culpa dignissimos.','2015-09-09 06:32:58','2015-09-09 06:32:58'),(35,54,'Deleniti et assumenda est perferendis voluptatem consequatur ut.','2015-09-09 06:32:58','2015-09-09 06:32:58'),(36,41,'Rerum beatae nostrum officia quo quos cupiditate commodi.','2015-09-09 06:32:58','2015-09-09 06:32:58'),(37,9,'Harum et deserunt dignissimos.','2015-09-09 06:32:58','2015-09-09 06:32:58'),(38,16,'Consequatur repudiandae quibusdam reprehenderit voluptatum.','2015-09-09 06:32:58','2015-09-09 06:32:58'),(39,92,'Aliquam dolorum vitae dolores amet corporis veniam provident.','2015-09-09 06:32:58','2015-09-09 06:32:58'),(40,100,'Aut tempora officia ipsum.','2015-09-09 06:32:59','2015-09-09 06:32:59'),(41,70,'Sunt eum aperiam cum.','2015-09-09 06:32:59','2015-09-09 06:32:59'),(42,25,'Omnis eligendi harum reiciendis modi laborum sint nobis saepe.','2015-09-09 06:32:59','2015-09-09 06:32:59'),(43,28,'Ab ullam voluptas asperiores maiores dolores molestiae.','2015-09-09 06:32:59','2015-09-09 06:32:59'),(44,35,'Cum et quidem qui amet quibusdam nihil.','2015-09-09 06:32:59','2015-09-09 06:32:59'),(45,89,'Voluptatem molestiae itaque temporibus impedit atque ipsa.','2015-09-09 06:32:59','2015-09-09 06:32:59'),(46,42,'Esse quia voluptatem excepturi debitis nisi.','2015-09-09 06:32:59','2015-09-09 06:32:59'),(47,19,'Ipsam officia aut debitis.','2015-09-09 06:32:59','2015-09-09 06:32:59'),(48,30,'Sint aspernatur est ipsa dolor.','2015-09-09 06:32:59','2015-09-09 06:32:59'),(49,91,'Rerum neque blanditiis suscipit sapiente.','2015-09-09 06:32:59','2015-09-09 06:32:59'),(50,80,'Expedita consequuntur ratione et.','2015-09-09 06:32:59','2015-09-09 06:32:59'),(51,43,'Modi sit ipsa aspernatur blanditiis quaerat rerum id omnis.','2015-09-09 06:32:59','2015-09-09 06:32:59'),(52,89,'Ut voluptatum in quam omnis rerum ea necessitatibus.','2015-09-09 06:32:59','2015-09-09 06:32:59'),(53,61,'Asperiores quo ad cumque saepe aut eius tenetur.','2015-09-09 06:32:59','2015-09-09 06:32:59'),(54,70,'Repellendus accusantium recusandae qui rerum.','2015-09-09 06:32:59','2015-09-09 06:32:59'),(55,11,'Qui consequatur voluptas et deserunt.','2015-09-09 06:32:59','2015-09-09 06:32:59'),(56,12,'Reprehenderit dolorem est enim aliquam pariatur totam tenetur id.','2015-09-09 06:32:59','2015-09-09 06:32:59'),(57,83,'Sapiente deleniti in cum facere provident sit rerum incidunt.','2015-09-09 06:32:59','2015-09-09 06:32:59'),(58,13,'Dolores molestiae velit praesentium sapiente saepe distinctio repudiandae ab.','2015-09-09 06:32:59','2015-09-09 06:32:59'),(59,84,'Consequatur laborum vero nostrum debitis molestiae.','2015-09-09 06:32:59','2015-09-09 06:32:59'),(60,34,'Non iste incidunt et molestias.','2015-09-09 06:32:59','2015-09-09 06:32:59'),(61,66,'Magni natus illo quibusdam aut numquam architecto at.','2015-09-09 06:32:59','2015-09-09 06:32:59'),(62,51,'Ut porro sit aspernatur.','2015-09-09 06:33:00','2015-09-09 06:33:00'),(63,58,'Repellat laboriosam aut praesentium nesciunt et et quaerat.','2015-09-09 06:33:00','2015-09-09 06:33:00'),(64,58,'Velit nam sed sequi.','2015-09-09 06:33:00','2015-09-09 06:33:00'),(65,13,'Possimus quos omnis eum eveniet molestiae.','2015-09-09 06:33:00','2015-09-09 06:33:00'),(66,39,'Velit quibusdam facere reiciendis neque alias qui quo dolore.','2015-09-09 06:33:00','2015-09-09 06:33:00'),(67,12,'Natus dolor ullam et doloribus ea.','2015-09-09 06:33:00','2015-09-09 06:33:00'),(68,86,'Qui sint et pariatur.','2015-09-09 06:33:00','2015-09-09 06:33:00'),(69,2,'Id culpa eum laudantium et illum.','2015-09-09 06:33:00','2015-09-09 06:33:00'),(70,18,'Distinctio expedita laudantium autem beatae quod amet.','2015-09-09 06:33:00','2015-09-09 06:33:00'),(71,17,'Alias accusantium molestias omnis autem et soluta.','2015-09-09 06:33:00','2015-09-09 06:33:00'),(72,67,'Quo nihil ipsam dolore dolores.','2015-09-09 06:33:00','2015-09-09 06:33:00'),(73,82,'Officia iusto cum ipsum eligendi.','2015-09-09 06:33:00','2015-09-09 06:33:00'),(74,36,'Repudiandae exercitationem expedita tempore doloribus omnis.','2015-09-09 06:33:00','2015-09-09 06:33:00'),(75,46,'Consectetur nemo tempora dicta.','2015-09-09 06:33:01','2015-09-09 06:33:01'),(76,24,'Sit qui tempore earum et veniam id.','2015-09-09 06:33:01','2015-09-09 06:33:01'),(77,40,'Non adipisci molestias voluptas esse.','2015-09-09 06:33:01','2015-09-09 06:33:01'),(78,49,'Molestiae quaerat doloremque accusamus ut aut.','2015-09-09 06:33:01','2015-09-09 06:33:01'),(79,6,'Exercitationem minima harum sit blanditiis qui.','2015-09-09 06:33:01','2015-09-09 06:33:01'),(80,60,'Quod dolore rem quasi minima in.','2015-09-09 06:33:01','2015-09-09 06:33:01'),(81,49,'Et nam asperiores non.','2015-09-09 06:33:01','2015-09-09 06:33:01'),(82,21,'Praesentium omnis laudantium illo in fugiat aut.','2015-09-09 06:33:01','2015-09-09 06:33:01'),(83,27,'Deserunt incidunt qui mollitia hic.','2015-09-09 06:33:01','2015-09-09 06:33:01'),(84,29,'Magnam voluptatibus sit quo.','2015-09-09 06:33:01','2015-09-09 06:33:01'),(85,51,'Dolorem rerum perferendis vitae voluptate cumque perspiciatis et.','2015-09-09 06:33:01','2015-09-09 06:33:01'),(86,9,'Voluptatibus nulla maxime hic est omnis.','2015-09-09 06:33:01','2015-09-09 06:33:01'),(87,99,'Et est sit delectus.','2015-09-09 06:33:01','2015-09-09 06:33:01'),(88,74,'Quia ducimus ea suscipit eum nihil tempora illo nisi.','2015-09-09 06:33:01','2015-09-09 06:33:01'),(89,94,'Neque quaerat sit in consectetur.','2015-09-09 06:33:01','2015-09-09 06:33:01'),(90,94,'Sed nobis illum est numquam.','2015-09-09 06:33:01','2015-09-09 06:33:01'),(91,77,'Voluptatem omnis consequuntur minima id est praesentium.','2015-09-09 06:33:01','2015-09-09 06:33:01'),(92,55,'Ut suscipit doloremque et atque repellat.','2015-09-09 06:33:01','2015-09-09 06:33:01'),(93,3,'Animi sed necessitatibus enim blanditiis accusamus.','2015-09-09 06:33:01','2015-09-09 06:33:01'),(94,3,'Praesentium ipsum voluptatem exercitationem nostrum quia dolorem commodi rerum.','2015-09-09 06:33:01','2015-09-09 06:33:01'),(95,30,'Quod accusantium debitis aut.','2015-09-09 06:33:01','2015-09-09 06:33:01'),(96,75,'Sit deserunt dolorum et sequi velit aut et ut.','2015-09-09 06:33:01','2015-09-09 06:33:01'),(97,96,'Inventore sed vel et ea tempora dolorem.','2015-09-09 06:33:02','2015-09-09 06:33:02'),(98,74,'Quaerat sed quia doloremque quidem dolore similique sapiente.','2015-09-09 06:33:02','2015-09-09 06:33:02'),(99,41,'Explicabo esse quo consequatur.','2015-09-09 06:33:02','2015-09-09 06:33:02'),(100,12,'Minus et laboriosam adipisci quam omnis ipsa aut et.','2015-09-09 06:33:02','2015-09-09 06:33:02'),(101,29,'Neque ut et delectus animi sed.','2015-09-09 06:33:02','2015-09-09 06:33:02'),(102,33,'Optio esse iure consectetur provident.','2015-09-09 06:33:02','2015-09-09 06:33:02'),(103,99,'Pariatur nulla voluptatum amet eaque est sunt.','2015-09-09 06:33:02','2015-09-09 06:33:02'),(104,51,'Qui id sunt ut dolorum.','2015-09-09 06:33:02','2015-09-09 06:33:02'),(105,44,'Delectus suscipit possimus voluptatem dignissimos ut consequatur sequi nesciunt.','2015-09-09 06:33:02','2015-09-09 06:33:02'),(106,55,'Nobis fugit nemo praesentium sit in asperiores est quod.','2015-09-09 06:33:02','2015-09-09 06:33:02'),(107,47,'Est suscipit eum possimus et laborum ipsam.','2015-09-09 06:33:02','2015-09-09 06:33:02'),(108,46,'Nemo delectus et ea dolores nulla ab ut.','2015-09-09 06:33:02','2015-09-09 06:33:02'),(109,40,'Suscipit animi facere iusto qui.','2015-09-09 06:33:02','2015-09-09 06:33:02'),(110,48,'Et tempora saepe alias.','2015-09-09 06:33:02','2015-09-09 06:33:02'),(111,80,'Ut aut in tempora est eum ut.','2015-09-09 06:33:02','2015-09-09 06:33:02'),(112,91,'Atque quia voluptas nam ducimus.','2015-09-09 06:33:02','2015-09-09 06:33:02'),(113,63,'Voluptas non hic consequatur.','2015-09-09 06:33:02','2015-09-09 06:33:02'),(114,44,'Magni accusamus repudiandae est repellat provident.','2015-09-09 06:33:02','2015-09-09 06:33:02'),(115,2,'Ipsam harum iusto sed provident cum.','2015-09-09 06:33:02','2015-09-09 06:33:02'),(116,82,'Ut dolorem a modi ex.','2015-09-09 06:33:02','2015-09-09 06:33:02'),(117,60,'Natus dicta rerum pariatur ducimus.','2015-09-09 06:33:02','2015-09-09 06:33:02'),(118,98,'Sit voluptas tempora cum atque itaque rerum ipsa architecto.','2015-09-09 06:33:03','2015-09-09 06:33:03'),(119,46,'Vero aut delectus nam et quia consequatur.','2015-09-09 06:33:03','2015-09-09 06:33:03'),(120,93,'Sequi et dolores expedita voluptatem voluptatem accusamus quas aut.','2015-09-09 06:33:03','2015-09-09 06:33:03'),(121,11,'Qui ut voluptas eos architecto sunt dolor placeat.','2015-09-09 06:33:03','2015-09-09 06:33:03'),(122,14,'Maxime et cupiditate deleniti.','2015-09-09 06:33:03','2015-09-09 06:33:03'),(123,11,'At consequatur similique facere qui earum ab et.','2015-09-09 06:33:03','2015-09-09 06:33:03'),(124,5,'Rerum commodi est dignissimos quod eaque.','2015-09-09 06:33:03','2015-09-09 06:33:03'),(125,35,'Inventore corporis enim est eos.','2015-09-09 06:33:03','2015-09-09 06:33:03'),(126,26,'Et dolorum fuga eos officiis autem quia.','2015-09-09 06:33:03','2015-09-09 06:33:03'),(127,55,'Nam quaerat nemo voluptatem aut.','2015-09-09 06:33:03','2015-09-09 06:33:03'),(128,68,'Commodi exercitationem quis consequatur qui quia eos sint.','2015-09-09 06:33:03','2015-09-09 06:33:03'),(129,80,'Velit cumque occaecati ratione dignissimos.','2015-09-09 06:33:03','2015-09-09 06:33:03'),(130,13,'Libero et expedita possimus aut quam.','2015-09-09 06:33:03','2015-09-09 06:33:03'),(131,76,'Debitis amet eos in est.','2015-09-09 06:33:03','2015-09-09 06:33:03'),(132,26,'Autem provident exercitationem mollitia voluptates.','2015-09-09 06:33:03','2015-09-09 06:33:03'),(133,67,'Sapiente ab aut non non quis odio est ipsa.','2015-09-09 06:33:03','2015-09-09 06:33:03'),(134,90,'Suscipit aperiam quasi excepturi et iure ut.','2015-09-09 06:33:03','2015-09-09 06:33:03'),(135,49,'Qui atque veniam amet nostrum natus.','2015-09-09 06:33:03','2015-09-09 06:33:03'),(136,56,'Animi at doloremque nemo.','2015-09-09 06:33:03','2015-09-09 06:33:03'),(137,30,'Aperiam expedita reprehenderit nam reiciendis nisi.','2015-09-09 06:33:03','2015-09-09 06:33:03'),(138,89,'Incidunt aut est saepe recusandae tempore aut.','2015-09-09 06:33:03','2015-09-09 06:33:03'),(139,48,'Est assumenda qui tenetur quis tempora ducimus aut.','2015-09-09 06:33:03','2015-09-09 06:33:03'),(140,18,'Debitis placeat voluptatibus mollitia aut quos consequatur.','2015-09-09 06:33:04','2015-09-09 06:33:04'),(141,2,'Magni perferendis est ipsam corrupti qui sed similique.','2015-09-09 06:33:04','2015-09-09 06:33:04'),(142,39,'Explicabo sunt autem minima et.','2015-09-09 06:33:04','2015-09-09 06:33:04'),(143,82,'Necessitatibus soluta cum odio qui.','2015-09-09 06:33:04','2015-09-09 06:33:04'),(144,99,'Ad ea in vel animi facilis quo.','2015-09-09 06:33:04','2015-09-09 06:33:04'),(145,56,'Qui repudiandae iure sed fugiat.','2015-09-09 06:33:04','2015-09-09 06:33:04'),(146,99,'Expedita molestiae placeat maxime.','2015-09-09 06:33:04','2015-09-09 06:33:04'),(147,38,'Doloremque fugiat ipsum exercitationem animi quis pariatur omnis.','2015-09-09 06:33:04','2015-09-09 06:33:04'),(148,86,'Et impedit vel velit ipsa labore ut laboriosam aperiam.','2015-09-09 06:33:04','2015-09-09 06:33:04'),(149,40,'Autem in exercitationem eos.','2015-09-09 06:33:04','2015-09-09 06:33:04'),(150,93,'Reiciendis optio ex aut asperiores dolores tenetur sunt aut.','2015-09-09 06:33:04','2015-09-09 06:33:04'),(151,70,'Reiciendis et suscipit et nihil et laboriosam quaerat.','2015-09-09 06:33:04','2015-09-09 06:33:04'),(152,42,'Aliquam delectus officia et tempore fugit minima.','2015-09-09 06:33:04','2015-09-09 06:33:04'),(153,74,'Ut tempora in incidunt et ducimus exercitationem repellat.','2015-09-09 06:33:04','2015-09-09 06:33:04'),(154,43,'Velit consequatur repellat asperiores ipsa.','2015-09-09 06:33:04','2015-09-09 06:33:04'),(155,37,'Itaque porro alias voluptas necessitatibus eveniet magnam dolorem minus.','2015-09-09 06:33:04','2015-09-09 06:33:04'),(156,49,'Corrupti voluptatem et sunt nihil voluptatem quisquam.','2015-09-09 06:33:04','2015-09-09 06:33:04'),(157,2,'Explicabo hic accusamus ratione maxime aspernatur.','2015-09-09 06:33:04','2015-09-09 06:33:04'),(158,54,'Fuga placeat tempora eos aut error.','2015-09-09 06:33:04','2015-09-09 06:33:04'),(159,94,'Illum qui et ipsum.','2015-09-09 06:33:04','2015-09-09 06:33:04'),(160,70,'Temporibus et deleniti magnam sit architecto vitae.','2015-09-09 06:33:05','2015-09-09 06:33:05'),(161,79,'Debitis quia vitae ratione nemo suscipit cumque.','2015-09-09 06:33:05','2015-09-09 06:33:05'),(162,4,'Eveniet delectus illum magni error quos exercitationem quibusdam aperiam.','2015-09-09 06:33:05','2015-09-09 06:33:05'),(163,89,'Occaecati dolor voluptatem tempora atque aliquam natus facilis beatae.','2015-09-09 06:33:05','2015-09-09 06:33:05'),(164,25,'Enim aut eveniet voluptate neque.','2015-09-09 06:33:05','2015-09-09 06:33:05'),(165,74,'Dicta ea et perspiciatis.','2015-09-09 06:33:06','2015-09-09 06:33:06'),(166,52,'Et at ut architecto porro tempore sed dignissimos.','2015-09-09 06:33:06','2015-09-09 06:33:06'),(167,73,'Minus ab mollitia in aliquid ullam id.','2015-09-09 06:33:06','2015-09-09 06:33:06'),(168,86,'Qui enim est molestias.','2015-09-09 06:33:06','2015-09-09 06:33:06'),(169,61,'Consequatur veritatis et vel.','2015-09-09 06:33:06','2015-09-09 06:33:06'),(170,33,'Assumenda itaque dolorem labore ratione magni.','2015-09-09 06:33:06','2015-09-09 06:33:06'),(171,72,'Dolores modi beatae delectus id deleniti.','2015-09-09 06:33:06','2015-09-09 06:33:06'),(172,7,'Velit nihil quis est omnis a consequatur.','2015-09-09 06:33:06','2015-09-09 06:33:06'),(173,34,'Modi facere sed maiores minima impedit et.','2015-09-09 06:33:06','2015-09-09 06:33:06'),(174,38,'Perspiciatis autem ab rem.','2015-09-09 06:33:06','2015-09-09 06:33:06'),(175,23,'Voluptatum tempore expedita itaque minus et asperiores velit ea.','2015-09-09 06:33:06','2015-09-09 06:33:06'),(176,34,'Tempora est voluptatem quis sunt et ex vero laboriosam.','2015-09-09 06:33:06','2015-09-09 06:33:06'),(177,47,'Qui impedit corrupti voluptas.','2015-09-09 06:33:06','2015-09-09 06:33:06'),(178,73,'Nihil ullam accusantium facere laudantium rerum.','2015-09-09 06:33:06','2015-09-09 06:33:06'),(179,46,'Et repudiandae officiis commodi nam.','2015-09-09 06:33:06','2015-09-09 06:33:06'),(180,20,'Saepe soluta voluptas aspernatur vel culpa ut necessitatibus magni.','2015-09-09 06:33:06','2015-09-09 06:33:06'),(181,5,'Nemo necessitatibus voluptatum optio deserunt id voluptatem.','2015-09-09 06:33:06','2015-09-09 06:33:06'),(182,1,'In voluptatem voluptatem harum totam.','2015-09-09 06:33:06','2015-09-09 06:33:06'),(183,55,'Totam sint sequi voluptatem fugiat doloremque sit.','2015-09-09 06:33:07','2015-09-09 06:33:07'),(184,41,'Aperiam inventore accusantium voluptatem alias.','2015-09-09 06:33:07','2015-09-09 06:33:07'),(185,15,'In quas porro odit sunt repellendus ex vitae.','2015-09-09 06:33:07','2015-09-09 06:33:07'),(186,94,'Ea odit ea eum eius.','2015-09-09 06:33:07','2015-09-09 06:33:07'),(187,47,'Dicta natus et excepturi dolore.','2015-09-09 06:33:07','2015-09-09 06:33:07'),(188,17,'Suscipit ullam perspiciatis alias.','2015-09-09 06:33:07','2015-09-09 06:33:07'),(189,30,'Odit adipisci deserunt sint.','2015-09-09 06:33:07','2015-09-09 06:33:07'),(190,41,'Laborum expedita odit provident est quasi distinctio.','2015-09-09 06:33:07','2015-09-09 06:33:07'),(191,86,'Nulla ut quae placeat delectus eos deserunt quibusdam.','2015-09-09 06:33:07','2015-09-09 06:33:07'),(192,97,'Eos expedita labore non et velit at.','2015-09-09 06:33:07','2015-09-09 06:33:07'),(193,78,'Suscipit voluptatem eveniet quis eligendi ipsa ut quia tempora.','2015-09-09 06:33:07','2015-09-09 06:33:07'),(194,46,'Similique suscipit et perferendis.','2015-09-09 06:33:07','2015-09-09 06:33:07'),(195,67,'Sit nesciunt nulla quas.','2015-09-09 06:33:07','2015-09-09 06:33:07'),(196,40,'Commodi atque neque et repellendus laborum.','2015-09-09 06:33:07','2015-09-09 06:33:07'),(197,33,'Impedit fuga dolorem sit cupiditate nemo sit.','2015-09-09 06:33:07','2015-09-09 06:33:07'),(198,13,'Omnis iste corporis neque esse ipsum ullam id sapiente.','2015-09-09 06:33:07','2015-09-09 06:33:07'),(199,58,'Sapiente quaerat et id ut enim quis provident.','2015-09-09 06:33:07','2015-09-09 06:33:07'),(200,58,'Ipsa et et laboriosam et quam consequatur.','2015-09-09 06:33:07','2015-09-09 06:33:07'),(201,38,'Commodi itaque est dicta rerum in.','2015-09-09 06:33:07','2015-09-09 06:33:07'),(202,54,'Architecto omnis magni deleniti qui facilis.','2015-09-09 06:33:07','2015-09-09 06:33:07'),(203,45,'Sequi sed aut rem omnis tenetur asperiores voluptates nisi.','2015-09-09 06:33:08','2015-09-09 06:33:08'),(204,60,'Laboriosam debitis praesentium dolorem velit quos eum.','2015-09-09 06:33:08','2015-09-09 06:33:08'),(205,15,'Aut ratione accusantium nobis omnis repudiandae beatae reprehenderit.','2015-09-09 06:33:08','2015-09-09 06:33:08'),(206,36,'Labore in eveniet quia.','2015-09-09 06:33:08','2015-09-09 06:33:08'),(207,37,'Atque voluptas delectus hic illo et.','2015-09-09 06:33:08','2015-09-09 06:33:08'),(208,15,'Est cumque vel ipsam.','2015-09-09 06:33:08','2015-09-09 06:33:08'),(209,38,'Odio praesentium est inventore ut veritatis saepe soluta non.','2015-09-09 06:33:08','2015-09-09 06:33:08'),(210,35,'Sit sint quo repellendus nisi et rerum eos incidunt.','2015-09-09 06:33:08','2015-09-09 06:33:08'),(211,39,'Quod quisquam consequatur quo voluptate aut non et.','2015-09-09 06:33:08','2015-09-09 06:33:08'),(212,51,'Pariatur in et molestias quisquam non.','2015-09-09 06:33:08','2015-09-09 06:33:08'),(213,41,'Eligendi architecto facere nihil qui praesentium autem.','2015-09-09 06:33:08','2015-09-09 06:33:08'),(214,31,'Sunt illum molestiae cupiditate et aut est et facilis.','2015-09-09 06:33:08','2015-09-09 06:33:08'),(215,43,'Aperiam natus ut et fugit.','2015-09-09 06:33:08','2015-09-09 06:33:08'),(216,77,'Aliquam voluptatem voluptas distinctio et animi quaerat voluptatum nobis.','2015-09-09 06:33:08','2015-09-09 06:33:08'),(217,12,'Illo fuga quaerat consequuntur.','2015-09-09 06:33:08','2015-09-09 06:33:08'),(218,3,'Occaecati est explicabo exercitationem aspernatur quidem.','2015-09-09 06:33:08','2015-09-09 06:33:08'),(219,58,'Unde nulla ducimus velit necessitatibus.','2015-09-09 06:33:08','2015-09-09 06:33:08'),(220,80,'Provident nostrum et sed.','2015-09-09 06:33:08','2015-09-09 06:33:08'),(221,31,'Eos porro earum in.','2015-09-09 06:33:08','2015-09-09 06:33:08'),(222,25,'Temporibus nihil ducimus necessitatibus quibusdam.','2015-09-09 06:33:08','2015-09-09 06:33:08'),(223,22,'Consequatur quia minima quia voluptatem magni voluptas ad aut.','2015-09-09 06:33:08','2015-09-09 06:33:08'),(224,43,'Perspiciatis minima porro itaque natus cum nostrum omnis explicabo.','2015-09-09 06:33:08','2015-09-09 06:33:08'),(225,91,'Aut nulla blanditiis sapiente eum amet ratione accusantium.','2015-09-09 06:33:09','2015-09-09 06:33:09'),(226,85,'Nesciunt est inventore beatae delectus.','2015-09-09 06:33:09','2015-09-09 06:33:09'),(227,33,'Officia aliquid eum ipsa explicabo non.','2015-09-09 06:33:09','2015-09-09 06:33:09'),(228,99,'Non voluptatem ut odit.','2015-09-09 06:33:09','2015-09-09 06:33:09'),(229,87,'Quisquam aliquam voluptas est qui.','2015-09-09 06:33:09','2015-09-09 06:33:09'),(230,87,'Eaque voluptatibus optio sint atque odit et fugit.','2015-09-09 06:33:09','2015-09-09 06:33:09'),(231,89,'Impedit sed tenetur eius ea quod rerum eaque.','2015-09-09 06:33:09','2015-09-09 06:33:09'),(232,86,'Incidunt voluptates cumque necessitatibus.','2015-09-09 06:33:09','2015-09-09 06:33:09'),(233,44,'Esse quidem non doloribus error est quibusdam sit.','2015-09-09 06:33:09','2015-09-09 06:33:09'),(234,88,'Quasi voluptatem debitis totam harum.','2015-09-09 06:33:09','2015-09-09 06:33:09'),(235,68,'Fuga rerum vel accusamus nulla dolor.','2015-09-09 06:33:09','2015-09-09 06:33:09'),(236,49,'Aliquid natus deleniti illum.','2015-09-09 06:33:09','2015-09-09 06:33:09'),(237,18,'Ut quasi quam voluptatem vel aspernatur ex.','2015-09-09 06:33:09','2015-09-09 06:33:09'),(238,21,'Vel quas aliquid et qui soluta.','2015-09-09 06:33:09','2015-09-09 06:33:09'),(239,99,'Non voluptatibus odio perferendis.','2015-09-09 06:33:09','2015-09-09 06:33:09'),(240,66,'Reprehenderit quas est harum.','2015-09-09 06:33:09','2015-09-09 06:33:09'),(241,46,'Autem culpa ipsa quae rerum quas aut voluptatum quo.','2015-09-09 06:33:09','2015-09-09 06:33:09'),(242,37,'Sint soluta et in expedita ipsam.','2015-09-09 06:33:09','2015-09-09 06:33:09'),(243,91,'Doloremque alias minus eligendi ab maxime.','2015-09-09 06:33:10','2015-09-09 06:33:10'),(244,4,'Eaque enim id aperiam id porro iure.','2015-09-09 06:33:10','2015-09-09 06:33:10'),(245,64,'Facere sit distinctio perferendis ex.','2015-09-09 06:33:10','2015-09-09 06:33:10'),(246,92,'Ut et explicabo magnam nulla magni.','2015-09-09 06:33:10','2015-09-09 06:33:10'),(247,24,'Ducimus autem omnis quod voluptas quaerat sed aut et.','2015-09-09 06:33:10','2015-09-09 06:33:10'),(248,33,'Exercitationem ut quos deleniti culpa distinctio modi praesentium.','2015-09-09 06:33:10','2015-09-09 06:33:10'),(249,24,'Neque asperiores nemo excepturi perferendis et omnis ex.','2015-09-09 06:33:10','2015-09-09 06:33:10'),(250,56,'Repudiandae qui rerum sint reprehenderit quod sequi.','2015-09-09 06:33:10','2015-09-09 06:33:10'),(251,45,'Error aliquid asperiores ea autem repudiandae aut distinctio.','2015-09-09 06:33:10','2015-09-09 06:33:10'),(252,30,'Harum nam consequatur aut est sint sunt quibusdam.','2015-09-09 06:33:10','2015-09-09 06:33:10'),(253,41,'Ut ipsum aliquid et.','2015-09-09 06:33:10','2015-09-09 06:33:10'),(254,13,'Velit quaerat fugiat fugit nihil laudantium incidunt qui.','2015-09-09 06:33:10','2015-09-09 06:33:10'),(255,82,'Tempore earum reiciendis quisquam.','2015-09-09 06:33:10','2015-09-09 06:33:10'),(256,27,'Placeat quae dignissimos dicta libero ad laborum.','2015-09-09 06:33:10','2015-09-09 06:33:10'),(257,36,'Non explicabo eum illo eius at.','2015-09-09 06:33:10','2015-09-09 06:33:10'),(258,17,'Harum consequatur omnis repudiandae.','2015-09-09 06:33:10','2015-09-09 06:33:10'),(259,53,'Doloribus iure et vel.','2015-09-09 06:33:10','2015-09-09 06:33:10'),(260,59,'Natus omnis ducimus cumque.','2015-09-09 06:33:10','2015-09-09 06:33:10'),(261,48,'Eaque consequatur ea est iure voluptate velit quisquam.','2015-09-09 06:33:11','2015-09-09 06:33:11'),(262,8,'Earum fuga nobis laudantium quod odio dolore.','2015-09-09 06:33:11','2015-09-09 06:33:11'),(263,76,'Quam saepe nostrum ut quo quas officia magnam.','2015-09-09 06:33:11','2015-09-09 06:33:11'),(264,92,'Fuga dolore quo ipsum aut sit.','2015-09-09 06:33:11','2015-09-09 06:33:11'),(265,37,'Excepturi quis aut enim quod esse sit.','2015-09-09 06:33:11','2015-09-09 06:33:11'),(266,1,'Fugiat laboriosam nam omnis nisi voluptas dolorem consequatur ut.','2015-09-09 06:33:11','2015-09-09 06:33:11'),(267,57,'Beatae eius qui quos hic.','2015-09-09 06:33:11','2015-09-09 06:33:11'),(268,88,'Sequi architecto et voluptatem quisquam amet dolore laborum.','2015-09-09 06:33:11','2015-09-09 06:33:11'),(269,47,'Ut vel similique velit.','2015-09-09 06:33:11','2015-09-09 06:33:11'),(270,80,'Provident ad atque inventore sunt repudiandae suscipit error.','2015-09-09 06:33:11','2015-09-09 06:33:11'),(271,27,'Distinctio minus et reiciendis aspernatur asperiores delectus eos.','2015-09-09 06:33:11','2015-09-09 06:33:11'),(272,79,'Numquam quia sed debitis praesentium ut velit.','2015-09-09 06:33:11','2015-09-09 06:33:11'),(273,65,'Delectus maiores voluptates cum et amet ut officiis odit.','2015-09-09 06:33:11','2015-09-09 06:33:11'),(274,87,'Voluptatem molestiae perferendis est aperiam fuga id.','2015-09-09 06:33:11','2015-09-09 06:33:11'),(275,72,'Earum occaecati nesciunt et quia.','2015-09-09 06:33:11','2015-09-09 06:33:11'),(276,29,'Omnis non et cumque repellat asperiores est perspiciatis.','2015-09-09 06:33:11','2015-09-09 06:33:11'),(277,86,'Velit officiis iusto quibusdam corrupti.','2015-09-09 06:33:11','2015-09-09 06:33:11'),(278,10,'Minima dolor vel rerum consequatur earum ut.','2015-09-09 06:33:11','2015-09-09 06:33:11'),(279,31,'Quaerat dolore dicta voluptate accusantium magni.','2015-09-09 06:33:11','2015-09-09 06:33:11'),(280,6,'Dignissimos error mollitia illo necessitatibus perferendis ipsam qui vel.','2015-09-09 06:33:11','2015-09-09 06:33:11'),(281,56,'Alias eos et velit libero ut beatae consequatur.','2015-09-09 06:33:11','2015-09-09 06:33:11'),(282,67,'Nam velit animi neque rerum sint voluptate non ipsa.','2015-09-09 06:33:11','2015-09-09 06:33:11'),(283,21,'Eaque non qui nihil omnis illum ut.','2015-09-09 06:33:12','2015-09-09 06:33:12'),(284,14,'Tempore omnis dolores harum recusandae placeat dolor reprehenderit repudiandae.','2015-09-09 06:33:12','2015-09-09 06:33:12'),(285,100,'Quam totam ut ipsum omnis.','2015-09-09 06:33:12','2015-09-09 06:33:12'),(286,15,'Iste perferendis fugiat perspiciatis sit quia rerum.','2015-09-09 06:33:12','2015-09-09 06:33:12'),(287,76,'Voluptatem rerum dolore earum vel voluptatem.','2015-09-09 06:33:12','2015-09-09 06:33:12'),(288,20,'Eos amet aut vel ut.','2015-09-09 06:33:12','2015-09-09 06:33:12'),(289,21,'Modi ut esse ex dolorum non sint laboriosam.','2015-09-09 06:33:12','2015-09-09 06:33:12'),(290,41,'Tempore quos voluptatem incidunt consequatur magnam.','2015-09-09 06:33:12','2015-09-09 06:33:12'),(291,12,'Laboriosam est quo consequatur aut mollitia blanditiis consequuntur.','2015-09-09 06:33:12','2015-09-09 06:33:12'),(292,10,'Tempora mollitia sapiente et.','2015-09-09 06:33:12','2015-09-09 06:33:12'),(293,58,'Esse et minima ipsum.','2015-09-09 06:33:12','2015-09-09 06:33:12'),(294,78,'Aut et quibusdam ut eos.','2015-09-09 06:33:12','2015-09-09 06:33:12'),(295,60,'Occaecati dolorem quis voluptatem neque qui natus.','2015-09-09 06:33:12','2015-09-09 06:33:12'),(296,91,'Quam voluptas exercitationem rem dolorem excepturi ut.','2015-09-09 06:33:12','2015-09-09 06:33:12'),(297,35,'Non impedit in ea ut cumque dolorum qui doloremque.','2015-09-09 06:33:12','2015-09-09 06:33:12'),(298,24,'Autem placeat dolores sed ut et.','2015-09-09 06:33:12','2015-09-09 06:33:12'),(299,66,'Ut quos sunt error.','2015-09-09 06:33:12','2015-09-09 06:33:12'),(300,12,'Ut porro nostrum expedita et placeat quo consectetur.','2015-09-09 06:33:12','2015-09-09 06:33:12'),(301,53,'Voluptatem saepe libero ad.','2015-09-09 06:33:12','2015-09-09 06:33:12'),(302,11,'Molestiae quo porro ipsum voluptates voluptate.','2015-09-09 06:33:12','2015-09-09 06:33:12'),(303,34,'Illo itaque fugiat sed accusamus quis repellendus maxime.','2015-09-09 06:33:13','2015-09-09 06:33:13'),(304,75,'Dolores est nam recusandae pariatur sint fugit.','2015-09-09 06:33:13','2015-09-09 06:33:13'),(305,95,'Doloribus voluptas ullam qui quis enim.','2015-09-09 06:33:13','2015-09-09 06:33:13'),(306,23,'Odit debitis vitae amet fugit quis laborum.','2015-09-09 06:33:13','2015-09-09 06:33:13'),(307,54,'Laboriosam voluptas accusamus sit minus qui.','2015-09-09 06:33:13','2015-09-09 06:33:13'),(308,81,'Voluptas corrupti cum rerum dolores.','2015-09-09 06:33:13','2015-09-09 06:33:13'),(309,54,'Corrupti cumque sit veniam.','2015-09-09 06:33:13','2015-09-09 06:33:13'),(310,68,'Fugit eius illo et.','2015-09-09 06:33:13','2015-09-09 06:33:13'),(311,85,'Sit est ut optio quo fuga non sint.','2015-09-09 06:33:13','2015-09-09 06:33:13'),(312,37,'Maxime dicta laboriosam doloremque.','2015-09-09 06:33:13','2015-09-09 06:33:13'),(313,58,'Sapiente similique illo nulla rerum eos eum officiis.','2015-09-09 06:33:13','2015-09-09 06:33:13'),(314,83,'Provident ratione eos voluptatibus voluptatem nobis saepe.','2015-09-09 06:33:13','2015-09-09 06:33:13'),(315,15,'Eum magnam ea sunt vel dolor.','2015-09-09 06:33:13','2015-09-09 06:33:13'),(316,26,'Omnis officiis aut beatae.','2015-09-09 06:33:13','2015-09-09 06:33:13'),(317,28,'Minus consectetur excepturi velit voluptas recusandae maiores.','2015-09-09 06:33:13','2015-09-09 06:33:13'),(318,25,'Est numquam dolorem alias ut.','2015-09-09 06:33:13','2015-09-09 06:33:13'),(319,86,'Facilis velit quisquam amet enim repudiandae est.','2015-09-09 06:33:13','2015-09-09 06:33:13'),(320,90,'Beatae dolorem provident sapiente.','2015-09-09 06:33:13','2015-09-09 06:33:13'),(321,73,'Nam nostrum voluptates et aut maxime.','2015-09-09 06:33:13','2015-09-09 06:33:13'),(322,23,'Ad assumenda illo sit debitis exercitationem voluptatem architecto delectus.','2015-09-09 06:33:13','2015-09-09 06:33:13'),(323,95,'Ut debitis architecto aut tenetur eum dolorem.','2015-09-09 06:33:14','2015-09-09 06:33:14'),(324,67,'Molestiae ab ut quia.','2015-09-09 06:33:14','2015-09-09 06:33:14'),(325,7,'Beatae architecto sit inventore.','2015-09-09 06:33:14','2015-09-09 06:33:14'),(326,73,'Maxime omnis rerum sed perferendis.','2015-09-09 06:33:14','2015-09-09 06:33:14'),(327,52,'Placeat in enim aspernatur porro.','2015-09-09 06:33:14','2015-09-09 06:33:14'),(328,42,'Cupiditate ea impedit sed corporis esse perferendis nemo.','2015-09-09 06:33:14','2015-09-09 06:33:14'),(329,55,'Odit molestiae ullam omnis sit autem.','2015-09-09 06:33:14','2015-09-09 06:33:14'),(330,51,'Sunt et magni consequatur provident et est rerum.','2015-09-09 06:33:14','2015-09-09 06:33:14'),(331,81,'Possimus perferendis fugiat voluptas nam.','2015-09-09 06:33:14','2015-09-09 06:33:14'),(332,70,'Error est veritatis unde nesciunt ut dolorum.','2015-09-09 06:33:14','2015-09-09 06:33:14'),(333,56,'Est ipsam quia omnis quia perferendis dolorem repellat maiores.','2015-09-09 06:33:14','2015-09-09 06:33:14'),(334,81,'Repellendus soluta voluptate voluptas ut totam aperiam tempore.','2015-09-09 06:33:14','2015-09-09 06:33:14'),(335,56,'Incidunt ipsum tempora aperiam autem omnis et non.','2015-09-09 06:33:14','2015-09-09 06:33:14'),(336,82,'Qui quidem totam consequatur in delectus voluptatem ut.','2015-09-09 06:33:14','2015-09-09 06:33:14'),(337,62,'Nulla rerum deleniti vero provident atque sed ex.','2015-09-09 06:33:14','2015-09-09 06:33:14'),(338,33,'Voluptate repellat quasi totam aspernatur.','2015-09-09 06:33:14','2015-09-09 06:33:14'),(339,30,'Quia dolorem adipisci et alias omnis qui architecto atque.','2015-09-09 06:33:14','2015-09-09 06:33:14'),(340,73,'Ratione inventore qui iure asperiores ipsa ut.','2015-09-09 06:33:14','2015-09-09 06:33:14'),(341,35,'Aliquam laudantium qui voluptatum.','2015-09-09 06:33:14','2015-09-09 06:33:14'),(342,81,'Reiciendis hic dolores ea maiores ea adipisci soluta.','2015-09-09 06:33:14','2015-09-09 06:33:14'),(343,40,'Quia accusamus molestiae est.','2015-09-09 06:33:14','2015-09-09 06:33:14'),(344,28,'Ipsa voluptatibus harum quisquam molestiae dolorum totam culpa.','2015-09-09 06:33:14','2015-09-09 06:33:14'),(345,19,'Impedit ut ut explicabo quas.','2015-09-09 06:33:15','2015-09-09 06:33:15'),(346,90,'Maiores modi delectus suscipit.','2015-09-09 06:33:15','2015-09-09 06:33:15'),(347,46,'Possimus velit quisquam eaque dignissimos minus.','2015-09-09 06:33:15','2015-09-09 06:33:15'),(348,100,'Rerum velit sit similique.','2015-09-09 06:33:15','2015-09-09 06:33:15'),(349,26,'Error non ipsam animi consequuntur est.','2015-09-09 06:33:15','2015-09-09 06:33:15'),(350,30,'Minima consectetur quia suscipit.','2015-09-09 06:33:15','2015-09-09 06:33:15'),(351,62,'Adipisci voluptatem et sit omnis.','2015-09-09 06:33:15','2015-09-09 06:33:15'),(352,82,'Corporis sint et sequi ipsam numquam dolorem.','2015-09-09 06:33:15','2015-09-09 06:33:15'),(353,73,'Quo eligendi et enim delectus qui magni.','2015-09-09 06:33:15','2015-09-09 06:33:15'),(354,53,'Ducimus sunt et corporis ut neque.','2015-09-09 06:33:15','2015-09-09 06:33:15'),(355,59,'In enim ratione hic sed iste veniam et aspernatur.','2015-09-09 06:33:15','2015-09-09 06:33:15'),(356,4,'Eveniet id eaque et iure voluptate sint laborum.','2015-09-09 06:33:15','2015-09-09 06:33:15'),(357,60,'Nihil sequi vitae doloremque non cupiditate repellat.','2015-09-09 06:33:15','2015-09-09 06:33:15'),(358,25,'Perferendis fuga magni minima sunt quidem aperiam.','2015-09-09 06:33:15','2015-09-09 06:33:15'),(359,35,'Quia voluptas at id.','2015-09-09 06:33:15','2015-09-09 06:33:15'),(360,82,'Nulla illum ut voluptas harum voluptatum laborum quae consectetur.','2015-09-09 06:33:15','2015-09-09 06:33:15'),(361,95,'Optio qui iste corrupti debitis.','2015-09-09 06:33:15','2015-09-09 06:33:15'),(362,32,'Quam quisquam optio similique rerum dolorem.','2015-09-09 06:33:15','2015-09-09 06:33:15'),(363,63,'Odit nemo est dignissimos.','2015-09-09 06:33:15','2015-09-09 06:33:15'),(364,87,'Quaerat dolores impedit beatae ducimus perferendis architecto commodi quia.','2015-09-09 06:33:15','2015-09-09 06:33:15'),(365,32,'Natus est sit aliquam.','2015-09-09 06:33:15','2015-09-09 06:33:15'),(366,74,'Et consequatur quidem non voluptate.','2015-09-09 06:33:16','2015-09-09 06:33:16'),(367,80,'Debitis hic consequatur nihil quisquam et.','2015-09-09 06:33:16','2015-09-09 06:33:16'),(368,71,'Nulla ad ut porro consectetur omnis.','2015-09-09 06:33:16','2015-09-09 06:33:16'),(369,67,'Ipsa incidunt praesentium at illo ea.','2015-09-09 06:33:16','2015-09-09 06:33:16'),(370,78,'Et maiores libero aut sapiente qui.','2015-09-09 06:33:16','2015-09-09 06:33:16'),(371,21,'In error porro debitis.','2015-09-09 06:33:16','2015-09-09 06:33:16'),(372,65,'Ut doloremque rerum maxime nisi autem nihil quidem.','2015-09-09 06:33:16','2015-09-09 06:33:16'),(373,48,'Accusantium est necessitatibus et.','2015-09-09 06:33:16','2015-09-09 06:33:16'),(374,67,'Minima odio aliquid ex non at est error veritatis.','2015-09-09 06:33:16','2015-09-09 06:33:16'),(375,71,'Aut est nihil eum sit earum.','2015-09-09 06:33:16','2015-09-09 06:33:16'),(376,60,'Dolorem rem molestiae mollitia aut.','2015-09-09 06:33:16','2015-09-09 06:33:16'),(377,35,'Exercitationem voluptate error quo recusandae.','2015-09-09 06:33:17','2015-09-09 06:33:17'),(378,10,'Molestiae nostrum magnam iure neque alias iusto exercitationem.','2015-09-09 06:33:17','2015-09-09 06:33:17'),(379,99,'Accusantium tempore iure cumque voluptatem amet.','2015-09-09 06:33:17','2015-09-09 06:33:17'),(380,81,'Eum ratione voluptatem sed molestias omnis.','2015-09-09 06:33:17','2015-09-09 06:33:17'),(381,55,'Qui nulla corporis labore maxime neque.','2015-09-09 06:33:17','2015-09-09 06:33:17'),(382,88,'Minima est ut laborum non est quisquam in.','2015-09-09 06:33:17','2015-09-09 06:33:17'),(383,46,'Rerum sint eum nihil repudiandae voluptatem molestiae tempora debitis.','2015-09-09 06:33:17','2015-09-09 06:33:17'),(384,85,'Ea impedit illo unde.','2015-09-09 06:33:17','2015-09-09 06:33:17'),(385,49,'Ut corporis consectetur sint.','2015-09-09 06:33:17','2015-09-09 06:33:17'),(386,81,'Laborum id consectetur nihil ut enim tempore.','2015-09-09 06:33:17','2015-09-09 06:33:17'),(387,66,'Consectetur officia accusantium voluptatem expedita velit sed.','2015-09-09 06:33:17','2015-09-09 06:33:17'),(388,83,'Aut ut voluptatibus sunt architecto natus.','2015-09-09 06:33:17','2015-09-09 06:33:17'),(389,47,'Quia ipsam ea reiciendis et officiis voluptatem fuga perspiciatis.','2015-09-09 06:33:17','2015-09-09 06:33:17'),(390,3,'Reiciendis quisquam reprehenderit quos est cumque maxime.','2015-09-09 06:33:17','2015-09-09 06:33:17'),(391,59,'Dolorum ipsam ad aut voluptate.','2015-09-09 06:33:17','2015-09-09 06:33:17'),(392,69,'Maiores blanditiis velit architecto voluptates necessitatibus adipisci voluptate autem.','2015-09-09 06:33:17','2015-09-09 06:33:17'),(393,33,'Natus voluptas pariatur nisi totam.','2015-09-09 06:33:17','2015-09-09 06:33:17'),(394,14,'Facilis quia sunt ea aut impedit harum est voluptatem.','2015-09-09 06:33:17','2015-09-09 06:33:17'),(395,8,'Recusandae odio eum quam non consequatur voluptatibus.','2015-09-09 06:33:17','2015-09-09 06:33:17'),(396,32,'Vel eius illum quia sequi.','2015-09-09 06:33:17','2015-09-09 06:33:17'),(397,55,'Consequatur placeat sunt dolorem ipsam laudantium qui.','2015-09-09 06:33:18','2015-09-09 06:33:18'),(398,17,'Mollitia officia omnis et.','2015-09-09 06:33:18','2015-09-09 06:33:18'),(399,2,'Consequatur quaerat et voluptas architecto totam explicabo iste.','2015-09-09 06:33:18','2015-09-09 06:33:18'),(400,43,'Placeat blanditiis ratione ea qui quisquam explicabo corporis vel.','2015-09-09 06:33:18','2015-09-09 06:33:18'),(401,3,'Consequatur est explicabo veniam aut sint quidem.','2015-09-09 06:33:18','2015-09-09 06:33:18'),(402,94,'Repellendus qui fugiat qui facilis rerum quis atque autem.','2015-09-09 06:33:18','2015-09-09 06:33:18'),(403,6,'Veniam repudiandae unde deserunt.','2015-09-09 06:33:18','2015-09-09 06:33:18'),(404,85,'Assumenda dolores nobis in minus ipsum.','2015-09-09 06:33:18','2015-09-09 06:33:18'),(405,90,'Placeat quae provident ut nisi et suscipit.','2015-09-09 06:33:18','2015-09-09 06:33:18'),(406,33,'Esse incidunt illum natus ad id quas.','2015-09-09 06:33:18','2015-09-09 06:33:18'),(407,32,'Est quaerat architecto non perferendis ut natus voluptas qui.','2015-09-09 06:33:18','2015-09-09 06:33:18'),(408,44,'Architecto numquam quia suscipit repudiandae voluptatem ut dolor.','2015-09-09 06:33:18','2015-09-09 06:33:18'),(409,6,'Tempora autem dolor itaque omnis.','2015-09-09 06:33:18','2015-09-09 06:33:18'),(410,11,'Reiciendis fugit necessitatibus impedit voluptas.','2015-09-09 06:33:18','2015-09-09 06:33:18'),(411,59,'Vero in aut saepe ducimus dolore et enim ipsa.','2015-09-09 06:33:18','2015-09-09 06:33:18'),(412,66,'Aut tempore consectetur et ab ut dolores.','2015-09-09 06:33:18','2015-09-09 06:33:18'),(413,21,'Architecto consequatur modi soluta voluptatem placeat quo.','2015-09-09 06:33:18','2015-09-09 06:33:18'),(414,81,'Dolor ut sed veniam quasi voluptatum aperiam rerum consequuntur.','2015-09-09 06:33:18','2015-09-09 06:33:18'),(415,84,'Autem rem a enim nesciunt necessitatibus corrupti.','2015-09-09 06:33:18','2015-09-09 06:33:18'),(416,63,'Dolor labore fuga sit consequuntur.','2015-09-09 06:33:18','2015-09-09 06:33:18'),(417,29,'Qui pariatur veniam mollitia qui aut expedita.','2015-09-09 06:33:18','2015-09-09 06:33:18'),(418,17,'Autem quaerat pariatur ut sequi distinctio.','2015-09-09 06:33:18','2015-09-09 06:33:18'),(419,27,'Vero et amet velit aut sed aperiam mollitia.','2015-09-09 06:33:18','2015-09-09 06:33:18'),(420,19,'Delectus culpa dolores libero illo ex sint.','2015-09-09 06:33:19','2015-09-09 06:33:19'),(421,20,'Illo quis fuga quisquam eveniet eaque voluptatum.','2015-09-09 06:33:19','2015-09-09 06:33:19'),(422,84,'Ut omnis enim odit laudantium quo saepe.','2015-09-09 06:33:19','2015-09-09 06:33:19'),(423,93,'Ad pariatur nam impedit quia ut.','2015-09-09 06:33:19','2015-09-09 06:33:19'),(424,9,'Voluptates quam perferendis quod ullam.','2015-09-09 06:33:19','2015-09-09 06:33:19'),(425,70,'Quis et id facilis ut quas.','2015-09-09 06:33:19','2015-09-09 06:33:19'),(426,100,'Sunt nostrum modi est animi reiciendis quos.','2015-09-09 06:33:19','2015-09-09 06:33:19'),(427,87,'Id iste animi voluptatem.','2015-09-09 06:33:19','2015-09-09 06:33:19'),(428,6,'Rerum ipsam neque pariatur.','2015-09-09 06:33:19','2015-09-09 06:33:19'),(429,37,'Animi magnam reiciendis molestiae.','2015-09-09 06:33:19','2015-09-09 06:33:19'),(430,84,'Est in similique quia optio ut illum perferendis repellendus.','2015-09-09 06:33:19','2015-09-09 06:33:19'),(431,59,'Iusto et ut et vel eligendi vitae laudantium.','2015-09-09 06:33:19','2015-09-09 06:33:19'),(432,15,'Cum laborum quod omnis dignissimos.','2015-09-09 06:33:19','2015-09-09 06:33:19'),(433,41,'Ut quia culpa laudantium alias at expedita.','2015-09-09 06:33:19','2015-09-09 06:33:19'),(434,12,'Quo sed dolor accusantium sint.','2015-09-09 06:33:19','2015-09-09 06:33:19'),(435,87,'Aut quia sint quia illo a.','2015-09-09 06:33:19','2015-09-09 06:33:19'),(436,100,'Sed voluptatum qui veniam consectetur magni illo.','2015-09-09 06:33:19','2015-09-09 06:33:19'),(437,2,'Qui aspernatur hic rerum et quia vero unde.','2015-09-09 06:33:19','2015-09-09 06:33:19'),(438,12,'Asperiores est sed corporis et atque sapiente ducimus.','2015-09-09 06:33:19','2015-09-09 06:33:19'),(439,52,'Id soluta ducimus consequatur ut.','2015-09-09 06:33:20','2015-09-09 06:33:20'),(440,65,'Dignissimos laboriosam mollitia iure sit nemo.','2015-09-09 06:33:20','2015-09-09 06:33:20'),(441,76,'Suscipit et qui error.','2015-09-09 06:33:20','2015-09-09 06:33:20'),(442,20,'At rem eveniet quos ipsa iusto voluptatum debitis magnam.','2015-09-09 06:33:20','2015-09-09 06:33:20'),(443,90,'Ex maiores et et unde.','2015-09-09 06:33:20','2015-09-09 06:33:20'),(444,73,'Molestiae cumque veritatis suscipit odio accusantium necessitatibus.','2015-09-09 06:33:20','2015-09-09 06:33:20'),(445,30,'Dolor ab cupiditate sit dolore et et et.','2015-09-09 06:33:20','2015-09-09 06:33:20'),(446,95,'Itaque quia dolores et expedita.','2015-09-09 06:33:20','2015-09-09 06:33:20'),(447,63,'Facilis quia aliquid adipisci eum ad impedit.','2015-09-09 06:33:20','2015-09-09 06:33:20'),(448,66,'Perferendis molestiae vel sapiente expedita unde nulla est omnis.','2015-09-09 06:33:20','2015-09-09 06:33:20'),(449,44,'Et corporis incidunt eum.','2015-09-09 06:33:20','2015-09-09 06:33:20'),(450,18,'Dolor consectetur voluptatibus reiciendis nulla enim incidunt blanditiis assumenda.','2015-09-09 06:33:20','2015-09-09 06:33:20'),(451,35,'Veritatis est illo iste eum natus.','2015-09-09 06:33:20','2015-09-09 06:33:20'),(452,95,'Et magnam ea minus explicabo necessitatibus itaque aut dignissimos.','2015-09-09 06:33:20','2015-09-09 06:33:20'),(453,48,'Optio laudantium qui velit.','2015-09-09 06:33:20','2015-09-09 06:33:20'),(454,43,'Rerum libero ab explicabo odio veniam.','2015-09-09 06:33:20','2015-09-09 06:33:20'),(455,22,'Vero ut omnis voluptatem ut sed nam.','2015-09-09 06:33:20','2015-09-09 06:33:20'),(456,52,'Voluptas totam sapiente id ea aut sequi nesciunt.','2015-09-09 06:33:20','2015-09-09 06:33:20'),(457,87,'Magni ab et facilis dolore voluptatem similique.','2015-09-09 06:33:20','2015-09-09 06:33:20'),(458,39,'Qui quo voluptatum nemo laborum aut.','2015-09-09 06:33:20','2015-09-09 06:33:20'),(459,8,'Nihil ut sequi modi dolorem expedita.','2015-09-09 06:33:20','2015-09-09 06:33:20'),(460,41,'Tempora ipsa vel incidunt quos illum aliquid deleniti ut.','2015-09-09 06:33:21','2015-09-09 06:33:21'),(461,1,'Voluptatem quia in voluptate laboriosam ullam.','2015-09-09 06:33:21','2015-09-09 06:33:21'),(462,5,'Porro et aut nam aut sit eligendi ut libero.','2015-09-09 06:33:21','2015-09-09 06:33:21'),(463,46,'Exercitationem non in omnis veritatis corporis eius.','2015-09-09 06:33:21','2015-09-09 06:33:21'),(464,8,'Nobis voluptates qui numquam odit sapiente nostrum corporis dolorem.','2015-09-09 06:33:21','2015-09-09 06:33:21'),(465,78,'Id facilis natus temporibus.','2015-09-09 06:33:21','2015-09-09 06:33:21'),(466,24,'Doloribus cupiditate quia ipsa a.','2015-09-09 06:33:21','2015-09-09 06:33:21'),(467,19,'Enim et earum molestias maiores quam at eum ratione.','2015-09-09 06:33:21','2015-09-09 06:33:21'),(468,1,'Optio ipsam quasi repellat debitis reprehenderit neque consequuntur.','2015-09-09 06:33:21','2015-09-09 06:33:21'),(469,57,'Odio enim sed quo non doloremque quia voluptas aut.','2015-09-09 06:33:21','2015-09-09 06:33:21'),(470,64,'Neque eos qui doloribus.','2015-09-09 06:33:21','2015-09-09 06:33:21'),(471,8,'Nam quisquam ex necessitatibus tempora dolorum consequuntur aut non.','2015-09-09 06:33:21','2015-09-09 06:33:21'),(472,6,'Quas qui et beatae.','2015-09-09 06:33:21','2015-09-09 06:33:21'),(473,96,'Blanditiis magni tenetur excepturi.','2015-09-09 06:33:21','2015-09-09 06:33:21'),(474,2,'Occaecati velit ut doloremque et voluptatem laboriosam quas.','2015-09-09 06:33:21','2015-09-09 06:33:21'),(475,22,'Similique natus nemo esse culpa necessitatibus et aperiam architecto.','2015-09-09 06:33:21','2015-09-09 06:33:21'),(476,75,'Temporibus consequatur expedita qui voluptatem qui eum et.','2015-09-09 06:33:21','2015-09-09 06:33:21'),(477,70,'Laboriosam provident voluptatem nam doloribus accusamus nesciunt facere est.','2015-09-09 06:33:21','2015-09-09 06:33:21'),(478,34,'Sed ut deleniti cupiditate modi nostrum.','2015-09-09 06:33:21','2015-09-09 06:33:21'),(479,77,'Reiciendis inventore voluptates at rem et tempora quo.','2015-09-09 06:33:21','2015-09-09 06:33:21'),(480,99,'Qui rerum nemo vero possimus omnis deleniti iusto ea.','2015-09-09 06:33:21','2015-09-09 06:33:21'),(481,57,'Velit suscipit aut est.','2015-09-09 06:33:22','2015-09-09 06:33:22'),(482,51,'Optio quibusdam earum dicta.','2015-09-09 06:33:22','2015-09-09 06:33:22'),(483,67,'Nulla dolorem alias aliquam inventore cupiditate aut.','2015-09-09 06:33:22','2015-09-09 06:33:22'),(484,80,'Officia fugiat quod dolorem.','2015-09-09 06:33:22','2015-09-09 06:33:22'),(485,74,'Dolor sunt sed occaecati veniam saepe est tempore.','2015-09-09 06:33:22','2015-09-09 06:33:22'),(486,5,'Iure nisi dolores ut tempora eum.','2015-09-09 06:33:22','2015-09-09 06:33:22'),(487,33,'Ratione illum cum iusto quod totam commodi aspernatur ipsa.','2015-09-09 06:33:22','2015-09-09 06:33:22'),(488,11,'Doloremque minima dolorum sint labore.','2015-09-09 06:33:22','2015-09-09 06:33:22'),(489,50,'Soluta doloribus reiciendis totam provident sequi.','2015-09-09 06:33:22','2015-09-09 06:33:22'),(490,70,'Delectus vitae eligendi aliquam cupiditate laudantium repellendus ut voluptas.','2015-09-09 06:33:22','2015-09-09 06:33:22'),(491,27,'Ipsum est perspiciatis voluptatem et aut neque.','2015-09-09 06:33:22','2015-09-09 06:33:22'),(492,96,'Aspernatur doloribus eum ducimus ex laudantium.','2015-09-09 06:33:22','2015-09-09 06:33:22'),(493,87,'Facere repellendus tenetur quis sapiente atque.','2015-09-09 06:33:22','2015-09-09 06:33:22'),(494,23,'Corrupti sit dicta eligendi natus autem.','2015-09-09 06:33:22','2015-09-09 06:33:22'),(495,57,'Alias esse ipsum dolor vel quae similique.','2015-09-09 06:33:22','2015-09-09 06:33:22'),(496,10,'Quia ullam rerum ad laborum blanditiis fugiat.','2015-09-09 06:33:22','2015-09-09 06:33:22'),(497,71,'Velit accusantium earum in non.','2015-09-09 06:33:22','2015-09-09 06:33:22'),(498,9,'Voluptas fugit in doloremque neque perferendis ducimus praesentium.','2015-09-09 06:33:22','2015-09-09 06:33:22'),(499,97,'Quia sint facilis perspiciatis odit neque eos fugiat.','2015-09-09 06:33:23','2015-09-09 06:33:23'),(500,83,'Perferendis eius tempore sunt et qui harum sint et.','2015-09-09 06:33:23','2015-09-09 06:33:23'),(501,16,'Accusantium vero officia sint velit voluptatem omnis.','2015-09-09 06:33:23','2015-09-09 06:33:23'),(502,20,'Id corporis repellat porro labore.','2015-09-09 06:33:23','2015-09-09 06:33:23'),(503,56,'Eveniet id eum enim est quia autem earum consectetur.','2015-09-09 06:33:23','2015-09-09 06:33:23'),(504,100,'Officiis perferendis incidunt numquam quis.','2015-09-09 06:33:23','2015-09-09 06:33:23'),(505,52,'Voluptatem ducimus modi quia a tenetur.','2015-09-09 06:33:23','2015-09-09 06:33:23'),(506,57,'Natus dolor doloremque aut.','2015-09-09 06:33:23','2015-09-09 06:33:23'),(507,14,'Tempora doloremque nostrum veritatis.','2015-09-09 06:33:23','2015-09-09 06:33:23'),(508,68,'Perferendis adipisci nulla libero.','2015-09-09 06:33:23','2015-09-09 06:33:23'),(509,52,'At consequatur aut cum omnis ipsum deleniti dicta cumque.','2015-09-09 06:33:23','2015-09-09 06:33:23'),(510,39,'Vel iste tenetur rem tempora eum ut est temporibus.','2015-09-09 06:33:23','2015-09-09 06:33:23'),(511,34,'Et dolorum dolor sed quo neque.','2015-09-09 06:33:23','2015-09-09 06:33:23'),(512,63,'Aut et facere quis sed.','2015-09-09 06:33:23','2015-09-09 06:33:23'),(513,29,'Numquam optio et autem.','2015-09-09 06:33:23','2015-09-09 06:33:23'),(514,82,'Quia consectetur nulla ratione fugit non.','2015-09-09 06:33:23','2015-09-09 06:33:23'),(515,6,'Optio qui ducimus sint sit.','2015-09-09 06:33:23','2015-09-09 06:33:23'),(516,79,'Atque ut occaecati asperiores fuga sed maiores.','2015-09-09 06:33:23','2015-09-09 06:33:23'),(517,6,'Porro ratione voluptas reiciendis et enim.','2015-09-09 06:33:23','2015-09-09 06:33:23'),(518,25,'Aut occaecati incidunt repellat.','2015-09-09 06:33:23','2015-09-09 06:33:23'),(519,40,'Tenetur neque aut quis dicta voluptatem.','2015-09-09 06:33:23','2015-09-09 06:33:23'),(520,65,'Delectus est rerum doloribus.','2015-09-09 06:33:23','2015-09-09 06:33:23'),(521,25,'Molestiae dolorem culpa tenetur voluptatem consectetur quis.','2015-09-09 06:33:24','2015-09-09 06:33:24'),(522,25,'Et earum accusantium consequatur praesentium omnis quisquam quo.','2015-09-09 06:33:24','2015-09-09 06:33:24'),(523,3,'Eaque eos expedita eveniet.','2015-09-09 06:33:24','2015-09-09 06:33:24'),(524,18,'Voluptatem voluptates facere id possimus ipsum officia vero.','2015-09-09 06:33:24','2015-09-09 06:33:24'),(525,69,'Voluptatem iusto tempora id molestias et modi et.','2015-09-09 06:33:24','2015-09-09 06:33:24'),(526,34,'Enim optio illo numquam voluptas.','2015-09-09 06:33:24','2015-09-09 06:33:24'),(527,90,'Dolores eius est rerum ea quia explicabo doloribus.','2015-09-09 06:33:24','2015-09-09 06:33:24'),(528,60,'Culpa nostrum perferendis et occaecati sint voluptas cupiditate.','2015-09-09 06:33:24','2015-09-09 06:33:24'),(529,23,'Blanditiis qui itaque commodi in placeat fugiat delectus sunt.','2015-09-09 06:33:24','2015-09-09 06:33:24'),(530,62,'Sed eos doloremque quidem in nihil modi sit eligendi.','2015-09-09 06:33:24','2015-09-09 06:33:24'),(531,58,'Suscipit eaque explicabo odit impedit.','2015-09-09 06:33:24','2015-09-09 06:33:24'),(532,59,'Repudiandae inventore aperiam in est nobis iure ipsum qui.','2015-09-09 06:33:24','2015-09-09 06:33:24'),(533,32,'Quia ut iure quas laborum.','2015-09-09 06:33:24','2015-09-09 06:33:24'),(534,99,'Totam tempore qui ea et eius id numquam molestias.','2015-09-09 06:33:24','2015-09-09 06:33:24'),(535,91,'Dolore a porro optio reprehenderit repudiandae et ea.','2015-09-09 06:33:24','2015-09-09 06:33:24'),(536,54,'Assumenda animi nobis ducimus tempora architecto.','2015-09-09 06:33:24','2015-09-09 06:33:24'),(537,73,'In optio iusto dicta.','2015-09-09 06:33:24','2015-09-09 06:33:24'),(538,24,'Non aut dolores id iure harum ea.','2015-09-09 06:33:24','2015-09-09 06:33:24'),(539,45,'Aut at ut deleniti quaerat et eaque accusamus.','2015-09-09 06:33:24','2015-09-09 06:33:24'),(540,14,'Molestiae sit laborum quos.','2015-09-09 06:33:24','2015-09-09 06:33:24'),(541,46,'Tenetur ad in assumenda.','2015-09-09 06:33:25','2015-09-09 06:33:25'),(542,79,'Architecto ipsa commodi vitae corporis velit.','2015-09-09 06:33:25','2015-09-09 06:33:25'),(543,3,'Illo iste nulla nisi quae.','2015-09-09 06:33:25','2015-09-09 06:33:25'),(544,22,'Error animi esse ea.','2015-09-09 06:33:25','2015-09-09 06:33:25'),(545,98,'Perspiciatis enim minus aut ut asperiores accusantium.','2015-09-09 06:33:25','2015-09-09 06:33:25'),(546,45,'Harum esse quibusdam qui ut quas repudiandae nobis ut.','2015-09-09 06:33:25','2015-09-09 06:33:25'),(547,18,'Expedita fugiat dolorem perferendis sed corporis.','2015-09-09 06:33:25','2015-09-09 06:33:25'),(548,85,'Consectetur sint nostrum voluptas est enim et.','2015-09-09 06:33:25','2015-09-09 06:33:25'),(549,31,'Provident quia eum voluptas consequatur voluptatum.','2015-09-09 06:33:25','2015-09-09 06:33:25'),(550,3,'Animi blanditiis atque repellat voluptatum.','2015-09-09 06:33:25','2015-09-09 06:33:25'),(551,25,'Doloremque est non quia nulla culpa.','2015-09-09 06:33:25','2015-09-09 06:33:25'),(552,86,'Enim aut ratione vel numquam doloribus vel ut officia.','2015-09-09 06:33:25','2015-09-09 06:33:25'),(553,12,'Omnis sunt vel distinctio nostrum ut est.','2015-09-09 06:33:25','2015-09-09 06:33:25'),(554,17,'Dignissimos sed quidem dicta.','2015-09-09 06:33:25','2015-09-09 06:33:25'),(555,64,'Quam hic sit nihil ex vero quaerat omnis aspernatur.','2015-09-09 06:33:25','2015-09-09 06:33:25'),(556,85,'Amet doloremque odit in vitae accusamus.','2015-09-09 06:33:25','2015-09-09 06:33:25'),(557,64,'Repellendus rerum quia nihil a et.','2015-09-09 06:33:25','2015-09-09 06:33:25'),(558,90,'Et pariatur ut consequatur.','2015-09-09 06:33:25','2015-09-09 06:33:25'),(559,90,'At architecto deserunt numquam.','2015-09-09 06:33:25','2015-09-09 06:33:25'),(560,8,'Aut consequatur quas cupiditate ut pariatur.','2015-09-09 06:33:25','2015-09-09 06:33:25'),(561,66,'Repellendus necessitatibus reprehenderit et rem.','2015-09-09 06:33:26','2015-09-09 06:33:26'),(562,65,'Quam sint assumenda quia est.','2015-09-09 06:33:26','2015-09-09 06:33:26'),(563,84,'Sed consequatur eligendi voluptate.','2015-09-09 06:33:26','2015-09-09 06:33:26'),(564,77,'Excepturi dolore fugiat quia dolorum.','2015-09-09 06:33:26','2015-09-09 06:33:26'),(565,84,'Temporibus aut sed voluptatibus aut excepturi.','2015-09-09 06:33:26','2015-09-09 06:33:26'),(566,16,'Non quia et sunt nesciunt et nihil laudantium.','2015-09-09 06:33:26','2015-09-09 06:33:26'),(567,17,'Praesentium vitae recusandae quas voluptates et.','2015-09-09 06:33:26','2015-09-09 06:33:26'),(568,15,'Voluptas porro voluptatem non perferendis.','2015-09-09 06:33:26','2015-09-09 06:33:26'),(569,61,'Rerum quaerat enim voluptatem blanditiis veritatis praesentium aut ab.','2015-09-09 06:33:26','2015-09-09 06:33:26'),(570,98,'Ab cupiditate consequatur aliquam vero.','2015-09-09 06:33:26','2015-09-09 06:33:26'),(571,2,'Ratione aut pariatur exercitationem est est.','2015-09-09 06:33:26','2015-09-09 06:33:26'),(572,70,'Eligendi esse velit occaecati.','2015-09-09 06:33:26','2015-09-09 06:33:26'),(573,49,'Et quia unde libero at eos.','2015-09-09 06:33:26','2015-09-09 06:33:26'),(574,96,'Consectetur eum qui non nihil et.','2015-09-09 06:33:26','2015-09-09 06:33:26'),(575,67,'Eaque et voluptas possimus dolorum.','2015-09-09 06:33:26','2015-09-09 06:33:26'),(576,2,'Quaerat vitae repudiandae eligendi quia alias.','2015-09-09 06:33:26','2015-09-09 06:33:26'),(577,33,'Officia dolor earum impedit.','2015-09-09 06:33:27','2015-09-09 06:33:27'),(578,44,'Veniam illum praesentium consequuntur porro id repudiandae nobis similique.','2015-09-09 06:33:27','2015-09-09 06:33:27'),(579,22,'Beatae quisquam facilis provident ea aperiam vel saepe sed.','2015-09-09 06:33:27','2015-09-09 06:33:27'),(580,70,'In unde iusto aut veniam beatae recusandae perspiciatis consequatur.','2015-09-09 06:33:27','2015-09-09 06:33:27'),(581,91,'Mollitia quia necessitatibus et.','2015-09-09 06:33:27','2015-09-09 06:33:27'),(582,60,'Enim excepturi atque harum asperiores eum quia perferendis aut.','2015-09-09 06:33:27','2015-09-09 06:33:27'),(583,44,'Distinctio quaerat reprehenderit voluptate est.','2015-09-09 06:33:27','2015-09-09 06:33:27'),(584,87,'Enim vel omnis voluptate exercitationem molestiae aliquid qui.','2015-09-09 06:33:27','2015-09-09 06:33:27'),(585,47,'Velit iste deserunt ipsam quasi quibusdam a.','2015-09-09 06:33:27','2015-09-09 06:33:27'),(586,31,'Dolore repudiandae omnis eligendi saepe sit distinctio voluptatum error.','2015-09-09 06:33:27','2015-09-09 06:33:27'),(587,20,'Inventore consectetur aut sapiente sint doloremque.','2015-09-09 06:33:27','2015-09-09 06:33:27'),(588,17,'Dicta molestiae sunt aliquid neque magni cupiditate iste.','2015-09-09 06:33:27','2015-09-09 06:33:27'),(589,25,'Perspiciatis delectus et quasi sed aut cumque modi et.','2015-09-09 06:33:27','2015-09-09 06:33:27'),(590,20,'At dolorum sed excepturi et aliquam.','2015-09-09 06:33:28','2015-09-09 06:33:28'),(591,95,'Reprehenderit a et reiciendis eligendi aperiam ipsa nobis.','2015-09-09 06:33:28','2015-09-09 06:33:28'),(592,6,'Officiis et voluptas magnam hic qui deleniti.','2015-09-09 06:33:28','2015-09-09 06:33:28'),(593,12,'Laborum aut a voluptate tenetur nulla in aspernatur et.','2015-09-09 06:33:28','2015-09-09 06:33:28'),(594,98,'Sit placeat rerum illo quasi non rerum.','2015-09-09 06:33:28','2015-09-09 06:33:28'),(595,53,'Dolore nisi quasi maxime incidunt blanditiis consequatur illum ratione.','2015-09-09 06:33:28','2015-09-09 06:33:28'),(596,25,'Fugiat cum aut ratione optio aliquid.','2015-09-09 06:33:28','2015-09-09 06:33:28'),(597,8,'At sit sint vitae nesciunt quae nobis dolores.','2015-09-09 06:33:28','2015-09-09 06:33:28'),(598,8,'A autem dolore ea voluptas non dolores.','2015-09-09 06:33:28','2015-09-09 06:33:28'),(599,99,'Repudiandae sapiente beatae magni.','2015-09-09 06:33:28','2015-09-09 06:33:28'),(600,73,'Quae at totam nisi enim.','2015-09-09 06:33:28','2015-09-09 06:33:28'),(601,27,'Fugit cum est eius sit exercitationem animi laudantium dolor.','2015-09-09 06:33:28','2015-09-09 06:33:28'),(602,54,'Quasi nihil id cum autem dolore omnis voluptatem possimus.','2015-09-09 06:33:28','2015-09-09 06:33:28'),(603,2,'Harum accusamus labore accusantium doloribus architecto.','2015-09-09 06:33:28','2015-09-09 06:33:28'),(604,5,'In voluptas perferendis atque velit odit officia.','2015-09-09 06:33:28','2015-09-09 06:33:28'),(605,91,'Ut earum nulla esse.','2015-09-09 06:33:28','2015-09-09 06:33:28'),(606,100,'Impedit qui et expedita dolores alias et ducimus sed.','2015-09-09 06:33:28','2015-09-09 06:33:28'),(607,24,'Tempore sapiente voluptatibus inventore error ipsa aut quia.','2015-09-09 06:33:28','2015-09-09 06:33:28'),(608,10,'Neque occaecati optio veniam ea.','2015-09-09 06:33:28','2015-09-09 06:33:28'),(609,81,'A laborum alias est est autem reprehenderit omnis.','2015-09-09 06:33:28','2015-09-09 06:33:28'),(610,62,'Blanditiis rerum molestiae repellendus sapiente debitis.','2015-09-09 06:33:29','2015-09-09 06:33:29'),(611,24,'Enim adipisci aut ut iure quis in sit et.','2015-09-09 06:33:29','2015-09-09 06:33:29'),(612,47,'Ea et sed mollitia ad sint suscipit.','2015-09-09 06:33:29','2015-09-09 06:33:29'),(613,23,'Earum nulla vitae voluptas occaecati numquam est corporis.','2015-09-09 06:33:29','2015-09-09 06:33:29'),(614,35,'Aut porro quis consequuntur voluptas qui ipsam.','2015-09-09 06:33:29','2015-09-09 06:33:29'),(615,19,'Qui itaque repellat consectetur quam voluptatem.','2015-09-09 06:33:29','2015-09-09 06:33:29'),(616,53,'Fugiat doloribus eius et aut quam dignissimos inventore.','2015-09-09 06:33:29','2015-09-09 06:33:29'),(617,32,'Fuga doloremque nostrum assumenda blanditiis vel.','2015-09-09 06:33:29','2015-09-09 06:33:29'),(618,10,'Asperiores et voluptas voluptatem nihil maiores omnis deserunt.','2015-09-09 06:33:29','2015-09-09 06:33:29'),(619,9,'Dolores et aut aut ad id eum consequatur.','2015-09-09 06:33:29','2015-09-09 06:33:29'),(620,4,'Et commodi aut voluptatum reprehenderit vitae ut excepturi voluptate.','2015-09-09 06:33:29','2015-09-09 06:33:29'),(621,70,'Excepturi deserunt debitis tempore aut voluptate voluptatem.','2015-09-09 06:33:29','2015-09-09 06:33:29'),(622,65,'Eveniet blanditiis illum eos laboriosam.','2015-09-09 06:33:29','2015-09-09 06:33:29'),(623,27,'Et facilis consequuntur sed est nostrum labore blanditiis ut.','2015-09-09 06:33:29','2015-09-09 06:33:29'),(624,46,'Qui illo esse suscipit id.','2015-09-09 06:33:29','2015-09-09 06:33:29'),(625,77,'Iure nisi eum corporis sit consectetur explicabo.','2015-09-09 06:33:29','2015-09-09 06:33:29'),(626,17,'Ipsum sed molestias facilis.','2015-09-09 06:33:29','2015-09-09 06:33:29'),(627,42,'Aut dolores et exercitationem culpa minus quis et reiciendis.','2015-09-09 06:33:30','2015-09-09 06:33:30'),(628,47,'Voluptatem optio nobis ratione recusandae soluta harum dolor quas.','2015-09-09 06:33:30','2015-09-09 06:33:30'),(629,48,'Sint id ad quaerat.','2015-09-09 06:33:30','2015-09-09 06:33:30'),(630,28,'Rerum tempore impedit alias quo ea accusamus.','2015-09-09 06:33:30','2015-09-09 06:33:30'),(631,48,'Atque esse iure nam sunt.','2015-09-09 06:33:30','2015-09-09 06:33:30'),(632,21,'Et aspernatur neque tempora ratione beatae dicta.','2015-09-09 06:33:30','2015-09-09 06:33:30'),(633,69,'Atque aperiam temporibus et aliquid sit cupiditate similique hic.','2015-09-09 06:33:30','2015-09-09 06:33:30'),(634,8,'Aut quia non provident veritatis neque.','2015-09-09 06:33:30','2015-09-09 06:33:30'),(635,59,'Deleniti totam dolore et reiciendis repellat officiis et fugiat.','2015-09-09 06:33:30','2015-09-09 06:33:30'),(636,47,'Enim aut autem vel voluptatem eligendi.','2015-09-09 06:33:30','2015-09-09 06:33:30'),(637,60,'Dolores magni nulla eveniet quisquam hic eos qui.','2015-09-09 06:33:30','2015-09-09 06:33:30'),(638,49,'Optio animi quia ipsum perferendis consequatur et veritatis.','2015-09-09 06:33:30','2015-09-09 06:33:30'),(639,100,'Vero voluptatem tempora et.','2015-09-09 06:33:30','2015-09-09 06:33:30'),(640,12,'Voluptatum expedita ea iusto iure amet quia voluptate alias.','2015-09-09 06:33:30','2015-09-09 06:33:30'),(641,41,'Voluptatem ut vel eius sunt adipisci sit.','2015-09-09 06:33:30','2015-09-09 06:33:30'),(642,89,'Aut et ut ratione consectetur ea.','2015-09-09 06:33:30','2015-09-09 06:33:30'),(643,84,'Magni omnis et ea.','2015-09-09 06:33:30','2015-09-09 06:33:30'),(644,13,'Adipisci cupiditate magnam vero voluptas.','2015-09-09 06:33:30','2015-09-09 06:33:30'),(645,63,'Omnis accusantium rerum qui a nisi porro est maiores.','2015-09-09 06:33:30','2015-09-09 06:33:30'),(646,30,'Rerum est eos minus officiis omnis quaerat eius temporibus.','2015-09-09 06:33:30','2015-09-09 06:33:30'),(647,97,'Nesciunt non ex quo eum soluta.','2015-09-09 06:33:30','2015-09-09 06:33:30'),(648,60,'Minus occaecati doloribus perferendis.','2015-09-09 06:33:31','2015-09-09 06:33:31'),(649,58,'Consequatur exercitationem sint asperiores tenetur necessitatibus illo voluptas corporis.','2015-09-09 06:33:31','2015-09-09 06:33:31'),(650,73,'Est saepe labore fugit vel expedita et tempora totam.','2015-09-09 06:33:31','2015-09-09 06:33:31'),(651,29,'Dolores et qui deleniti nam cumque dignissimos et.','2015-09-09 06:33:31','2015-09-09 06:33:31'),(652,29,'Mollitia aliquid error tenetur aut veritatis.','2015-09-09 06:33:31','2015-09-09 06:33:31'),(653,80,'Mollitia in qui explicabo.','2015-09-09 06:33:31','2015-09-09 06:33:31'),(654,26,'Quo eius temporibus ex in.','2015-09-09 06:33:31','2015-09-09 06:33:31'),(655,1,'Eaque dicta et hic dolorum enim aut sit beatae.','2015-09-09 06:33:31','2015-09-09 06:33:31'),(656,45,'Neque quia quidem tempora nam quasi fugiat nihil necessitatibus.','2015-09-09 06:33:31','2015-09-09 06:33:31'),(657,35,'Itaque quia aperiam aspernatur inventore facilis.','2015-09-09 06:33:31','2015-09-09 06:33:31'),(658,91,'Sit sint ipsam corporis fugiat vitae temporibus molestias adipisci.','2015-09-09 06:33:31','2015-09-09 06:33:31'),(659,60,'Et et et qui officia natus.','2015-09-09 06:33:31','2015-09-09 06:33:31'),(660,52,'Illum esse fuga qui sit.','2015-09-09 06:33:31','2015-09-09 06:33:31'),(661,4,'Dicta qui fugiat harum quo perferendis nostrum labore ratione.','2015-09-09 06:33:31','2015-09-09 06:33:31'),(662,24,'Provident mollitia omnis officiis neque nostrum dolorem aperiam.','2015-09-09 06:33:31','2015-09-09 06:33:31'),(663,2,'Accusamus consectetur ut debitis dolorum velit sit ratione animi.','2015-09-09 06:33:31','2015-09-09 06:33:31'),(664,79,'Optio unde ut aliquam quos accusamus ut dolor.','2015-09-09 06:33:31','2015-09-09 06:33:31'),(665,96,'Nisi facere deleniti ipsam accusantium quia voluptatem.','2015-09-09 06:33:31','2015-09-09 06:33:31'),(666,77,'Temporibus omnis et praesentium nesciunt soluta sint eaque iusto.','2015-09-09 06:33:31','2015-09-09 06:33:31'),(667,2,'Ipsam qui esse placeat at est a quo corporis.','2015-09-09 06:33:32','2015-09-09 06:33:32'),(668,23,'Qui ut tenetur voluptatibus qui.','2015-09-09 06:33:32','2015-09-09 06:33:32'),(669,34,'Quia fugiat ratione ipsam nostrum atque magnam laudantium earum.','2015-09-09 06:33:32','2015-09-09 06:33:32'),(670,71,'Officiis quia cumque velit alias iste sunt quia.','2015-09-09 06:33:32','2015-09-09 06:33:32'),(671,84,'Facilis unde fugiat illum mollitia.','2015-09-09 06:33:32','2015-09-09 06:33:32'),(672,71,'Sed temporibus quis qui consequuntur cumque.','2015-09-09 06:33:32','2015-09-09 06:33:32'),(673,94,'Amet sit laborum quia in aspernatur et sequi est.','2015-09-09 06:33:32','2015-09-09 06:33:32'),(674,59,'Quia consequuntur veritatis inventore quos quod voluptate vero.','2015-09-09 06:33:32','2015-09-09 06:33:32'),(675,19,'Sunt unde suscipit perferendis qui enim deserunt accusantium ratione.','2015-09-09 06:33:32','2015-09-09 06:33:32'),(676,25,'Aut voluptatem molestiae velit laudantium facere unde.','2015-09-09 06:33:32','2015-09-09 06:33:32'),(677,82,'Iure placeat et error asperiores temporibus.','2015-09-09 06:33:32','2015-09-09 06:33:32'),(678,10,'Quis quia beatae sint voluptatem alias rerum id.','2015-09-09 06:33:32','2015-09-09 06:33:32'),(679,58,'Sapiente rerum similique possimus numquam quae consequatur rerum.','2015-09-09 06:33:32','2015-09-09 06:33:32'),(680,25,'Minus nihil omnis recusandae quis quas voluptatibus.','2015-09-09 06:33:32','2015-09-09 06:33:32'),(681,70,'Ipsum necessitatibus eum reiciendis ullam.','2015-09-09 06:33:32','2015-09-09 06:33:32'),(682,99,'Accusamus et voluptatem delectus culpa dolorem autem sunt rerum.','2015-09-09 06:33:32','2015-09-09 06:33:32'),(683,50,'Voluptas labore tempora quia accusamus consequatur fuga rerum dolorum.','2015-09-09 06:33:32','2015-09-09 06:33:32'),(684,98,'Quis sint porro perspiciatis delectus velit libero.','2015-09-09 06:33:32','2015-09-09 06:33:32'),(685,10,'Ea dignissimos illum aperiam ut consequatur corrupti.','2015-09-09 06:33:32','2015-09-09 06:33:32'),(686,73,'Aut architecto voluptas quisquam quod expedita.','2015-09-09 06:33:33','2015-09-09 06:33:33'),(687,96,'Rerum consequatur vero amet mollitia sed facilis sunt doloremque.','2015-09-09 06:33:33','2015-09-09 06:33:33'),(688,65,'Dolorem voluptas ratione minus ea impedit blanditiis.','2015-09-09 06:33:33','2015-09-09 06:33:33'),(689,20,'Rerum commodi laboriosam repellendus.','2015-09-09 06:33:33','2015-09-09 06:33:33'),(690,96,'Et dolore omnis ipsum in.','2015-09-09 06:33:33','2015-09-09 06:33:33'),(691,44,'Qui nostrum natus dolorem iste quaerat dicta.','2015-09-09 06:33:33','2015-09-09 06:33:33'),(692,47,'Ullam quia sapiente suscipit voluptatibus et.','2015-09-09 06:33:33','2015-09-09 06:33:33'),(693,71,'Veniam velit illo ut distinctio voluptatibus.','2015-09-09 06:33:33','2015-09-09 06:33:33'),(694,12,'Et et aspernatur sint.','2015-09-09 06:33:33','2015-09-09 06:33:33'),(695,100,'Rerum perspiciatis saepe harum deserunt libero.','2015-09-09 06:33:33','2015-09-09 06:33:33'),(696,39,'Rerum distinctio tempora fuga consectetur architecto impedit.','2015-09-09 06:33:33','2015-09-09 06:33:33'),(697,87,'Libero non ducimus earum et aut.','2015-09-09 06:33:33','2015-09-09 06:33:33'),(698,35,'Quaerat omnis voluptatem minima doloribus natus adipisci.','2015-09-09 06:33:33','2015-09-09 06:33:33'),(699,37,'Id omnis debitis aperiam.','2015-09-09 06:33:33','2015-09-09 06:33:33'),(700,5,'Laboriosam dignissimos vitae officiis soluta mollitia et voluptates.','2015-09-09 06:33:33','2015-09-09 06:33:33'),(701,21,'Voluptatibus vitae minus blanditiis ratione quidem repudiandae expedita.','2015-09-09 06:33:33','2015-09-09 06:33:33'),(702,44,'Vel ut unde dolorem est sed.','2015-09-09 06:33:33','2015-09-09 06:33:33'),(703,65,'Nihil suscipit aspernatur et voluptatibus et perferendis nostrum rerum.','2015-09-09 06:33:33','2015-09-09 06:33:33'),(704,1,'Vel autem quia consequatur explicabo fugit omnis earum incidunt.','2015-09-09 06:33:33','2015-09-09 06:33:33'),(705,47,'Harum deleniti consequatur tenetur.','2015-09-09 06:33:33','2015-09-09 06:33:33'),(706,14,'Perspiciatis ipsam omnis deleniti vero omnis ab inventore.','2015-09-09 06:33:34','2015-09-09 06:33:34'),(707,20,'Temporibus voluptas incidunt nemo quisquam labore.','2015-09-09 06:33:34','2015-09-09 06:33:34'),(708,12,'Aut qui et molestiae nihil numquam quae iure itaque.','2015-09-09 06:33:34','2015-09-09 06:33:34'),(709,23,'Totam accusantium debitis et.','2015-09-09 06:33:34','2015-09-09 06:33:34'),(710,99,'Aut sit ratione necessitatibus.','2015-09-09 06:33:34','2015-09-09 06:33:34'),(711,26,'Fuga ut aperiam modi.','2015-09-09 06:33:34','2015-09-09 06:33:34'),(712,97,'Optio aliquam repellendus facilis pariatur.','2015-09-09 06:33:34','2015-09-09 06:33:34'),(713,18,'Accusamus et inventore blanditiis.','2015-09-09 06:33:34','2015-09-09 06:33:34'),(714,41,'Est voluptatum iusto qui itaque amet.','2015-09-09 06:33:34','2015-09-09 06:33:34'),(715,31,'Aliquam voluptatibus explicabo consectetur est harum doloribus pariatur.','2015-09-09 06:33:34','2015-09-09 06:33:34'),(716,53,'Aliquid quisquam ad aut quasi velit adipisci.','2015-09-09 06:33:34','2015-09-09 06:33:34'),(717,2,'Et unde voluptas maiores perferendis sunt consequatur.','2015-09-09 06:33:34','2015-09-09 06:33:34'),(718,55,'Nostrum nemo in explicabo neque dolores.','2015-09-09 06:33:34','2015-09-09 06:33:34'),(719,85,'Necessitatibus consequatur nesciunt illum aut molestiae aut.','2015-09-09 06:33:34','2015-09-09 06:33:34'),(720,13,'Et excepturi consequuntur magnam.','2015-09-09 06:33:34','2015-09-09 06:33:34'),(721,100,'Error explicabo ducimus commodi quisquam earum eum consequatur.','2015-09-09 06:33:34','2015-09-09 06:33:34'),(722,74,'Quae et est aliquam libero qui.','2015-09-09 06:33:34','2015-09-09 06:33:34'),(723,88,'Maiores sit alias nulla quibusdam.','2015-09-09 06:33:34','2015-09-09 06:33:34'),(724,80,'Ipsam laborum ad et occaecati magnam explicabo eos consectetur.','2015-09-09 06:33:34','2015-09-09 06:33:34'),(725,48,'Assumenda eos quas et voluptas natus iure incidunt.','2015-09-09 06:33:34','2015-09-09 06:33:34'),(726,31,'Sunt enim dolorum facilis aut velit accusamus.','2015-09-09 06:33:34','2015-09-09 06:33:34'),(727,63,'Autem unde et vel sequi.','2015-09-09 06:33:35','2015-09-09 06:33:35'),(728,19,'Aspernatur exercitationem dicta numquam.','2015-09-09 06:33:35','2015-09-09 06:33:35'),(729,90,'A tempora id et dolores ea aperiam excepturi voluptatem.','2015-09-09 06:33:35','2015-09-09 06:33:35'),(730,39,'Maiores quis tenetur perferendis qui est cum ut pariatur.','2015-09-09 06:33:35','2015-09-09 06:33:35'),(731,61,'Ducimus accusantium quasi amet quo aut eum quia laboriosam.','2015-09-09 06:33:35','2015-09-09 06:33:35'),(732,22,'Assumenda ea ea quasi.','2015-09-09 06:33:35','2015-09-09 06:33:35'),(733,31,'Rem est iste eligendi molestiae magnam molestias ut consequatur.','2015-09-09 06:33:35','2015-09-09 06:33:35'),(734,80,'Quis officiis repudiandae necessitatibus non assumenda omnis.','2015-09-09 06:33:35','2015-09-09 06:33:35'),(735,61,'Est distinctio asperiores dolorem possimus.','2015-09-09 06:33:35','2015-09-09 06:33:35'),(736,20,'Nulla fugiat nostrum accusamus.','2015-09-09 06:33:35','2015-09-09 06:33:35'),(737,59,'Enim explicabo qui ducimus delectus.','2015-09-09 06:33:35','2015-09-09 06:33:35'),(738,70,'Et quia totam architecto.','2015-09-09 06:33:35','2015-09-09 06:33:35'),(739,29,'Aperiam asperiores earum ipsam illum qui aut.','2015-09-09 06:33:35','2015-09-09 06:33:35'),(740,40,'Qui voluptatem ab ut vero libero.','2015-09-09 06:33:35','2015-09-09 06:33:35'),(741,21,'Accusantium quia nemo voluptas dolores.','2015-09-09 06:33:35','2015-09-09 06:33:35'),(742,59,'Dicta eum quidem aliquam velit.','2015-09-09 06:33:35','2015-09-09 06:33:35'),(743,24,'In eligendi neque vel inventore.','2015-09-09 06:33:35','2015-09-09 06:33:35'),(744,1,'A repellendus dignissimos nulla enim.','2015-09-09 06:33:36','2015-09-09 06:33:36'),(745,45,'Fuga ut aliquam quo dolores eum.','2015-09-09 06:33:36','2015-09-09 06:33:36'),(746,57,'Laboriosam aspernatur natus dolorem tempora reiciendis autem omnis delectus.','2015-09-09 06:33:36','2015-09-09 06:33:36'),(747,37,'Voluptas rerum ducimus aut.','2015-09-09 06:33:36','2015-09-09 06:33:36'),(748,17,'Vero numquam eum dolorum sunt fugit et ut veniam.','2015-09-09 06:33:36','2015-09-09 06:33:36'),(749,75,'Laborum dicta ad tenetur.','2015-09-09 06:33:36','2015-09-09 06:33:36'),(750,79,'Enim et quo officia sit expedita a et qui.','2015-09-09 06:33:36','2015-09-09 06:33:36'),(751,50,'Aliquid dolores architecto officia cum tempora est in.','2015-09-09 06:33:36','2015-09-09 06:33:36'),(752,37,'Est et aliquid dolore quia repellat in porro.','2015-09-09 06:33:36','2015-09-09 06:33:36'),(753,53,'Blanditiis perferendis deleniti voluptatibus incidunt dolores dolore.','2015-09-09 06:33:36','2015-09-09 06:33:36'),(754,73,'Repudiandae dolorem fugiat qui enim porro minus officia repellendus.','2015-09-09 06:33:36','2015-09-09 06:33:36'),(755,10,'Odit itaque qui maiores nihil et deserunt.','2015-09-09 06:33:36','2015-09-09 06:33:36'),(756,46,'Doloribus exercitationem nesciunt eius enim asperiores fugit et.','2015-09-09 06:33:36','2015-09-09 06:33:36'),(757,84,'Aspernatur quo in totam ea ipsam id nobis.','2015-09-09 06:33:36','2015-09-09 06:33:36'),(758,6,'Non illum vero dolor consequatur iusto dolore.','2015-09-09 06:33:36','2015-09-09 06:33:36'),(759,16,'Eum alias dolor et ea quo.','2015-09-09 06:33:36','2015-09-09 06:33:36'),(760,43,'Distinctio sint sapiente rem laboriosam dolorum.','2015-09-09 06:33:36','2015-09-09 06:33:36'),(761,11,'Cum aut suscipit sint enim deserunt autem ut qui.','2015-09-09 06:33:36','2015-09-09 06:33:36'),(762,12,'Omnis nobis quas et ab et.','2015-09-09 06:33:36','2015-09-09 06:33:36'),(763,15,'Sed cupiditate in nemo dicta ut odit.','2015-09-09 06:33:36','2015-09-09 06:33:36'),(764,98,'Ipsum sequi ex voluptatem sunt adipisci.','2015-09-09 06:33:36','2015-09-09 06:33:36'),(765,93,'Et fugiat necessitatibus labore.','2015-09-09 06:33:37','2015-09-09 06:33:37'),(766,98,'Hic facere deleniti aliquid quos qui quia atque rerum.','2015-09-09 06:33:37','2015-09-09 06:33:37'),(767,3,'Eum officiis praesentium deleniti voluptatum iste repellendus fugit.','2015-09-09 06:33:37','2015-09-09 06:33:37'),(768,63,'Molestiae fugit corrupti placeat quo repudiandae nostrum harum.','2015-09-09 06:33:37','2015-09-09 06:33:37'),(769,3,'Nostrum praesentium pariatur culpa.','2015-09-09 06:33:37','2015-09-09 06:33:37'),(770,86,'Fuga hic vitae voluptatem eum ea quisquam soluta totam.','2015-09-09 06:33:37','2015-09-09 06:33:37'),(771,85,'Facere ut porro aliquam.','2015-09-09 06:33:37','2015-09-09 06:33:37'),(772,71,'Quia consequatur cumque iure molestiae corporis nulla.','2015-09-09 06:33:37','2015-09-09 06:33:37'),(773,19,'Aut ducimus rerum eaque sed.','2015-09-09 06:33:37','2015-09-09 06:33:37'),(774,26,'Officiis ab quasi sequi.','2015-09-09 06:33:37','2015-09-09 06:33:37'),(775,58,'Dicta ipsum aut corrupti.','2015-09-09 06:33:37','2015-09-09 06:33:37'),(776,93,'Odit sapiente rerum aliquam laborum minima repellendus veniam voluptates.','2015-09-09 06:33:38','2015-09-09 06:33:38'),(777,16,'Mollitia enim ullam eos doloribus at.','2015-09-09 06:33:38','2015-09-09 06:33:38'),(778,1,'Perferendis sit exercitationem delectus mollitia.','2015-09-09 06:33:38','2015-09-09 06:33:38'),(779,88,'Natus dolorem dolorum molestiae.','2015-09-09 06:33:38','2015-09-09 06:33:38'),(780,14,'Velit provident perferendis officia similique.','2015-09-09 06:33:38','2015-09-09 06:33:38'),(781,98,'Et non sit consequatur.','2015-09-09 06:33:38','2015-09-09 06:33:38'),(782,26,'Temporibus eum asperiores vero aut ea nulla cumque libero.','2015-09-09 06:33:38','2015-09-09 06:33:38'),(783,52,'Corrupti qui deleniti tempora quo.','2015-09-09 06:33:38','2015-09-09 06:33:38'),(784,70,'Aperiam in quaerat voluptate est quas rerum.','2015-09-09 06:33:38','2015-09-09 06:33:38'),(785,85,'Voluptate quis modi qui repellendus iusto esse id.','2015-09-09 06:33:38','2015-09-09 06:33:38'),(786,11,'Saepe quos mollitia et voluptas.','2015-09-09 06:33:38','2015-09-09 06:33:38'),(787,26,'Aut est possimus fuga et facere facilis.','2015-09-09 06:33:38','2015-09-09 06:33:38'),(788,41,'Quasi debitis explicabo hic in a et.','2015-09-09 06:33:38','2015-09-09 06:33:38'),(789,84,'Iusto ut molestias provident tenetur possimus officiis vel dolorem.','2015-09-09 06:33:38','2015-09-09 06:33:38'),(790,96,'Eaque id aspernatur dicta distinctio a.','2015-09-09 06:33:38','2015-09-09 06:33:38'),(791,36,'Molestias at ipsam suscipit et quia distinctio.','2015-09-09 06:33:38','2015-09-09 06:33:38'),(792,82,'Vitae est molestiae occaecati atque odit vel.','2015-09-09 06:33:38','2015-09-09 06:33:38'),(793,56,'Maiores aut iure fugiat molestiae ratione et doloremque.','2015-09-09 06:33:38','2015-09-09 06:33:38'),(794,92,'Est qui ex quae quia quia.','2015-09-09 06:33:38','2015-09-09 06:33:38'),(795,52,'Molestiae sint optio architecto officiis qui vel accusantium quisquam.','2015-09-09 06:33:38','2015-09-09 06:33:38'),(796,57,'Omnis consequatur odit qui et.','2015-09-09 06:33:38','2015-09-09 06:33:38'),(797,45,'Amet beatae qui maiores architecto.','2015-09-09 06:33:38','2015-09-09 06:33:38'),(798,19,'Nulla esse modi porro velit eaque.','2015-09-09 06:33:39','2015-09-09 06:33:39'),(799,96,'Delectus fuga quaerat provident temporibus eveniet quas.','2015-09-09 06:33:39','2015-09-09 06:33:39'),(800,79,'Est ut velit illo aut placeat optio qui ex.','2015-09-09 06:33:39','2015-09-09 06:33:39'),(801,70,'Debitis minima quasi error assumenda et ex dignissimos qui.','2015-09-09 06:33:39','2015-09-09 06:33:39'),(802,12,'Et dolorem explicabo vero.','2015-09-09 06:33:39','2015-09-09 06:33:39'),(803,38,'Doloremque est ea vel aut tempore perferendis.','2015-09-09 06:33:39','2015-09-09 06:33:39'),(804,87,'Dolor et quia quas maiores.','2015-09-09 06:33:39','2015-09-09 06:33:39'),(805,45,'Dolores magnam sapiente rerum est sit repellendus velit.','2015-09-09 06:33:39','2015-09-09 06:33:39'),(806,100,'Aut eos earum nesciunt voluptas.','2015-09-09 06:33:39','2015-09-09 06:33:39'),(807,58,'Temporibus architecto quidem aut similique nulla ut numquam totam.','2015-09-09 06:33:39','2015-09-09 06:33:39'),(808,13,'A aliquam recusandae molestias veniam porro et impedit.','2015-09-09 06:33:39','2015-09-09 06:33:39'),(809,91,'Quaerat dolorum rerum rerum molestiae.','2015-09-09 06:33:39','2015-09-09 06:33:39'),(810,9,'Excepturi quibusdam ratione earum sit qui.','2015-09-09 06:33:39','2015-09-09 06:33:39'),(811,13,'Doloremque nam praesentium accusamus.','2015-09-09 06:33:39','2015-09-09 06:33:39'),(812,49,'Occaecati corporis eum delectus dolor blanditiis quaerat esse explicabo.','2015-09-09 06:33:39','2015-09-09 06:33:39'),(813,99,'Et iure dolorem unde aliquid dolore et.','2015-09-09 06:33:39','2015-09-09 06:33:39'),(814,52,'Quas quidem temporibus natus.','2015-09-09 06:33:39','2015-09-09 06:33:39'),(815,26,'Eum quae quia sit omnis veniam omnis perspiciatis.','2015-09-09 06:33:39','2015-09-09 06:33:39'),(816,70,'Esse deleniti voluptas dolores ducimus qui iusto voluptate.','2015-09-09 06:33:40','2015-09-09 06:33:40'),(817,84,'Dolores ad totam et magni sunt ex.','2015-09-09 06:33:40','2015-09-09 06:33:40'),(818,32,'Dolore eos in provident accusamus et.','2015-09-09 06:33:40','2015-09-09 06:33:40'),(819,88,'Quibusdam ut modi aut.','2015-09-09 06:33:40','2015-09-09 06:33:40'),(820,79,'Nobis nostrum quibusdam error.','2015-09-09 06:33:40','2015-09-09 06:33:40'),(821,84,'Possimus incidunt adipisci atque sunt quod.','2015-09-09 06:33:40','2015-09-09 06:33:40'),(822,60,'Rerum tenetur consequatur dolorem sed.','2015-09-09 06:33:40','2015-09-09 06:33:40'),(823,63,'Minima et nulla voluptates.','2015-09-09 06:33:40','2015-09-09 06:33:40'),(824,2,'Reiciendis qui dolorem itaque et perspiciatis.','2015-09-09 06:33:40','2015-09-09 06:33:40'),(825,73,'Aperiam ipsa sed est facere.','2015-09-09 06:33:40','2015-09-09 06:33:40'),(826,25,'Facere vitae dolorem ratione quo.','2015-09-09 06:33:40','2015-09-09 06:33:40'),(827,43,'Qui impedit voluptatem dolores.','2015-09-09 06:33:40','2015-09-09 06:33:40'),(828,74,'Unde qui et quisquam a.','2015-09-09 06:33:40','2015-09-09 06:33:40'),(829,63,'Voluptatibus atque expedita quidem.','2015-09-09 06:33:40','2015-09-09 06:33:40'),(830,88,'Odio iste neque dolorem minima reiciendis.','2015-09-09 06:33:40','2015-09-09 06:33:40'),(831,96,'Libero nihil dolores qui itaque fugiat eum necessitatibus.','2015-09-09 06:33:40','2015-09-09 06:33:40'),(832,58,'Sit qui labore iure.','2015-09-09 06:33:40','2015-09-09 06:33:40'),(833,81,'Id ut eligendi aut.','2015-09-09 06:33:40','2015-09-09 06:33:40'),(834,62,'Est nihil laboriosam corporis quos aut corrupti.','2015-09-09 06:33:40','2015-09-09 06:33:40'),(835,78,'Fugit quidem soluta animi molestiae qui ea eaque.','2015-09-09 06:33:40','2015-09-09 06:33:40'),(836,91,'Saepe totam odio facere.','2015-09-09 06:33:40','2015-09-09 06:33:40'),(837,36,'Officiis dicta repellendus facere in et aut ipsam saepe.','2015-09-09 06:33:40','2015-09-09 06:33:40'),(838,52,'Et impedit vitae quo quidem et molestiae magni eos.','2015-09-09 06:33:41','2015-09-09 06:33:41'),(839,95,'Veniam enim sequi est tempora.','2015-09-09 06:33:41','2015-09-09 06:33:41'),(840,7,'Fugiat ea est tempora quo ea et corporis.','2015-09-09 06:33:41','2015-09-09 06:33:41'),(841,37,'Atque est qui quidem officiis.','2015-09-09 06:33:41','2015-09-09 06:33:41'),(842,16,'Eos nihil esse qui quia ullam illo.','2015-09-09 06:33:41','2015-09-09 06:33:41'),(843,98,'Beatae ipsam harum consectetur quis dolores sint odio architecto.','2015-09-09 06:33:41','2015-09-09 06:33:41'),(844,30,'Optio magni beatae consequatur.','2015-09-09 06:33:41','2015-09-09 06:33:41'),(845,38,'Ipsa amet voluptates quia incidunt.','2015-09-09 06:33:41','2015-09-09 06:33:41'),(846,76,'Eum mollitia provident fugiat veritatis.','2015-09-09 06:33:41','2015-09-09 06:33:41'),(847,72,'Voluptate natus sed quo aut rem ullam doloremque odit.','2015-09-09 06:33:41','2015-09-09 06:33:41'),(848,95,'Atque optio dignissimos assumenda voluptate perspiciatis blanditiis debitis.','2015-09-09 06:33:41','2015-09-09 06:33:41'),(849,39,'Facere quaerat tempora deleniti ab quisquam at soluta.','2015-09-09 06:33:41','2015-09-09 06:33:41'),(850,60,'Delectus autem aut nisi repellat veniam est hic dignissimos.','2015-09-09 06:33:41','2015-09-09 06:33:41'),(851,99,'Quis consequuntur aut numquam et consequatur.','2015-09-09 06:33:41','2015-09-09 06:33:41'),(852,17,'Est et sit asperiores ut possimus odit quia aspernatur.','2015-09-09 06:33:41','2015-09-09 06:33:41'),(853,58,'Sunt qui et incidunt illum fugit est quo sed.','2015-09-09 06:33:41','2015-09-09 06:33:41'),(854,75,'Ut similique veniam omnis explicabo.','2015-09-09 06:33:41','2015-09-09 06:33:41'),(855,43,'Enim alias cupiditate a omnis officia architecto natus.','2015-09-09 06:33:41','2015-09-09 06:33:41'),(856,15,'Laudantium et in dignissimos recusandae ut.','2015-09-09 06:33:41','2015-09-09 06:33:41'),(857,84,'Dolores quos enim vero voluptates.','2015-09-09 06:33:42','2015-09-09 06:33:42'),(858,5,'Facere culpa est laudantium corporis aut.','2015-09-09 06:33:42','2015-09-09 06:33:42'),(859,21,'Voluptates hic nobis dolor quo.','2015-09-09 06:33:42','2015-09-09 06:33:42'),(860,85,'Neque qui mollitia qui dolorem sit.','2015-09-09 06:33:42','2015-09-09 06:33:42'),(861,28,'Tenetur soluta eligendi odio cupiditate delectus harum.','2015-09-09 06:33:42','2015-09-09 06:33:42'),(862,96,'Repudiandae non quia et dolorem.','2015-09-09 06:33:42','2015-09-09 06:33:42'),(863,1,'Praesentium commodi vero veniam suscipit sequi.','2015-09-09 06:33:42','2015-09-09 06:33:42'),(864,7,'Impedit illo ad voluptatem illum sit et necessitatibus.','2015-09-09 06:33:42','2015-09-09 06:33:42'),(865,59,'Recusandae voluptatem eveniet aliquam incidunt numquam expedita qui fugiat.','2015-09-09 06:33:42','2015-09-09 06:33:42'),(866,17,'Odit ad repudiandae omnis suscipit rem quasi quos.','2015-09-09 06:33:42','2015-09-09 06:33:42'),(867,70,'Pariatur eum aut porro.','2015-09-09 06:33:42','2015-09-09 06:33:42'),(868,74,'Suscipit omnis architecto dolorem mollitia occaecati natus est quis.','2015-09-09 06:33:42','2015-09-09 06:33:42'),(869,86,'Quo ut recusandae distinctio officiis.','2015-09-09 06:33:42','2015-09-09 06:33:42'),(870,69,'Neque quas dolor error itaque voluptas.','2015-09-09 06:33:42','2015-09-09 06:33:42'),(871,8,'Mollitia a omnis quia consectetur voluptatibus nam et voluptates.','2015-09-09 06:33:42','2015-09-09 06:33:42'),(872,34,'Quo vel nihil quidem repellendus fugit necessitatibus minus reiciendis.','2015-09-09 06:33:42','2015-09-09 06:33:42'),(873,18,'Itaque autem et suscipit facere aperiam ipsum a.','2015-09-09 06:33:42','2015-09-09 06:33:42'),(874,10,'Sed voluptatem iusto dignissimos consequatur exercitationem nam laborum et.','2015-09-09 06:33:42','2015-09-09 06:33:42'),(875,84,'Autem nihil dolore nostrum recusandae in consectetur dolores.','2015-09-09 06:33:42','2015-09-09 06:33:42'),(876,64,'Quia ullam et vitae quia.','2015-09-09 06:33:42','2015-09-09 06:33:42'),(877,26,'Blanditiis facilis placeat voluptates.','2015-09-09 06:33:42','2015-09-09 06:33:42'),(878,6,'Est sunt tempore saepe facere sit quia qui.','2015-09-09 06:33:42','2015-09-09 06:33:42'),(879,67,'Eum sed eaque ullam.','2015-09-09 06:33:43','2015-09-09 06:33:43'),(880,82,'Magnam explicabo aspernatur quaerat.','2015-09-09 06:33:43','2015-09-09 06:33:43'),(881,1,'Veniam suscipit asperiores excepturi architecto.','2015-09-09 06:33:43','2015-09-09 06:33:43'),(882,38,'Ea explicabo quos fugit qui.','2015-09-09 06:33:43','2015-09-09 06:33:43'),(883,69,'Ullam illo ut molestias labore eveniet eligendi est culpa.','2015-09-09 06:33:43','2015-09-09 06:33:43'),(884,59,'Temporibus omnis et illo repellendus quaerat sed aut.','2015-09-09 06:33:43','2015-09-09 06:33:43'),(885,69,'Debitis et voluptatum error explicabo maiores.','2015-09-09 06:33:43','2015-09-09 06:33:43'),(886,29,'Adipisci eos molestias quod.','2015-09-09 06:33:43','2015-09-09 06:33:43'),(887,48,'Tenetur non quisquam porro ipsa et.','2015-09-09 06:33:43','2015-09-09 06:33:43'),(888,13,'Error qui asperiores molestias ut similique iusto voluptatum est.','2015-09-09 06:33:43','2015-09-09 06:33:43'),(889,61,'Ex quisquam nam porro et.','2015-09-09 06:33:43','2015-09-09 06:33:43'),(890,92,'Error similique distinctio sit rerum consequuntur enim qui.','2015-09-09 06:33:43','2015-09-09 06:33:43'),(891,75,'Facere nihil porro non sed repellat.','2015-09-09 06:33:43','2015-09-09 06:33:43'),(892,20,'Dolor deleniti facere et sit praesentium consequatur qui ipsum.','2015-09-09 06:33:43','2015-09-09 06:33:43'),(893,97,'Dolore autem eum assumenda.','2015-09-09 06:33:43','2015-09-09 06:33:43'),(894,32,'Facilis voluptatem similique et accusamus magni.','2015-09-09 06:33:43','2015-09-09 06:33:43'),(895,9,'Necessitatibus facere esse deserunt ad.','2015-09-09 06:33:43','2015-09-09 06:33:43'),(896,47,'Assumenda veritatis soluta provident nihil in.','2015-09-09 06:33:43','2015-09-09 06:33:43'),(897,100,'Tempora quod quasi ea.','2015-09-09 06:33:43','2015-09-09 06:33:43'),(898,55,'Aspernatur dolorum ducimus optio a saepe.','2015-09-09 06:33:43','2015-09-09 06:33:43'),(899,13,'Dolores iure corporis magni voluptatem.','2015-09-09 06:33:43','2015-09-09 06:33:43'),(900,95,'Nihil repellendus rem adipisci voluptatibus culpa unde qui.','2015-09-09 06:33:44','2015-09-09 06:33:44'),(901,59,'Voluptate doloribus saepe qui incidunt vel.','2015-09-09 06:33:44','2015-09-09 06:33:44'),(902,66,'Doloribus qui aut quia et esse.','2015-09-09 06:33:44','2015-09-09 06:33:44'),(903,33,'Excepturi ex autem numquam voluptas assumenda quidem dolorum.','2015-09-09 06:33:44','2015-09-09 06:33:44'),(904,69,'Quae ut fugit eum cum molestiae optio quaerat.','2015-09-09 06:33:44','2015-09-09 06:33:44'),(905,4,'Non nemo incidunt quaerat.','2015-09-09 06:33:44','2015-09-09 06:33:44'),(906,12,'Maiores suscipit reprehenderit deserunt totam.','2015-09-09 06:33:44','2015-09-09 06:33:44'),(907,91,'Quasi numquam sapiente dolores eveniet eligendi nihil corrupti quo.','2015-09-09 06:33:44','2015-09-09 06:33:44'),(908,90,'Omnis repellat rerum minus et est.','2015-09-09 06:33:44','2015-09-09 06:33:44'),(909,33,'Ipsum qui error accusantium magni maiores quaerat corporis.','2015-09-09 06:33:44','2015-09-09 06:33:44'),(910,28,'Corrupti quidem eveniet voluptatem ducimus qui optio sit ad.','2015-09-09 06:33:44','2015-09-09 06:33:44'),(911,66,'Tempora ipsam magnam asperiores.','2015-09-09 06:33:44','2015-09-09 06:33:44'),(912,4,'Ea libero in quis voluptas possimus non voluptatum.','2015-09-09 06:33:44','2015-09-09 06:33:44'),(913,27,'Aut deserunt minima eius ad rerum in iure.','2015-09-09 06:33:44','2015-09-09 06:33:44'),(914,84,'Consequatur quos expedita voluptate dolor.','2015-09-09 06:33:44','2015-09-09 06:33:44'),(915,95,'Consectetur tempore sed aperiam impedit.','2015-09-09 06:33:44','2015-09-09 06:33:44'),(916,93,'Vero saepe minima harum.','2015-09-09 06:33:44','2015-09-09 06:33:44'),(917,80,'Dolorum tempora rem sit atque voluptatum iusto.','2015-09-09 06:33:44','2015-09-09 06:33:44'),(918,92,'Sequi adipisci numquam id delectus dolores qui illo.','2015-09-09 06:33:44','2015-09-09 06:33:44'),(919,70,'Sunt odio debitis ea eius nobis eos.','2015-09-09 06:33:44','2015-09-09 06:33:44'),(920,32,'Minima exercitationem id porro accusamus dolores quaerat.','2015-09-09 06:33:44','2015-09-09 06:33:44'),(921,86,'Rerum ducimus nostrum laudantium.','2015-09-09 06:33:44','2015-09-09 06:33:44'),(922,96,'Laborum et sit magnam nulla ducimus incidunt ut.','2015-09-09 06:33:45','2015-09-09 06:33:45'),(923,13,'Velit est numquam in.','2015-09-09 06:33:45','2015-09-09 06:33:45'),(924,18,'Recusandae non architecto possimus.','2015-09-09 06:33:45','2015-09-09 06:33:45'),(925,56,'Dicta et vel consectetur nam.','2015-09-09 06:33:45','2015-09-09 06:33:45'),(926,23,'Deserunt maiores quo voluptatem.','2015-09-09 06:33:45','2015-09-09 06:33:45'),(927,31,'Minus reiciendis quas necessitatibus dolorem.','2015-09-09 06:33:45','2015-09-09 06:33:45'),(928,86,'Ut optio est ut voluptatibus.','2015-09-09 06:33:45','2015-09-09 06:33:45'),(929,70,'Odio ut sint veritatis ullam.','2015-09-09 06:33:45','2015-09-09 06:33:45'),(930,81,'Et deleniti enim sint provident et.','2015-09-09 06:33:45','2015-09-09 06:33:45'),(931,38,'Tenetur illum voluptatibus eos iure atque.','2015-09-09 06:33:45','2015-09-09 06:33:45'),(932,34,'Et atque quas quae ut.','2015-09-09 06:33:45','2015-09-09 06:33:45'),(933,45,'Et mollitia et excepturi molestiae.','2015-09-09 06:33:45','2015-09-09 06:33:45'),(934,84,'Est incidunt molestiae aut quia voluptatibus.','2015-09-09 06:33:45','2015-09-09 06:33:45'),(935,76,'Doloremque ex ullam iure recusandae aliquam consequatur qui quas.','2015-09-09 06:33:45','2015-09-09 06:33:45'),(936,64,'Et nihil molestiae dolor.','2015-09-09 06:33:45','2015-09-09 06:33:45'),(937,22,'Voluptas ipsum veniam temporibus ratione recusandae quidem aut ducimus.','2015-09-09 06:33:45','2015-09-09 06:33:45'),(938,88,'Aliquid qui qui dolore et blanditiis et voluptas.','2015-09-09 06:33:45','2015-09-09 06:33:45'),(939,21,'Voluptas vero autem deleniti rerum.','2015-09-09 06:33:45','2015-09-09 06:33:45'),(940,91,'Voluptatem omnis consequuntur laudantium ea minima.','2015-09-09 06:33:45','2015-09-09 06:33:45'),(941,78,'Nostrum facere consequatur esse exercitationem explicabo enim.','2015-09-09 06:33:46','2015-09-09 06:33:46'),(942,5,'Vero ipsa tempora aut inventore veritatis rerum.','2015-09-09 06:33:46','2015-09-09 06:33:46'),(943,42,'Consequatur ut et consequatur vel est veniam.','2015-09-09 06:33:46','2015-09-09 06:33:46'),(944,25,'Facilis deleniti fugit voluptatum repellendus sequi.','2015-09-09 06:33:46','2015-09-09 06:33:46'),(945,40,'Aperiam vel architecto unde ut molestiae harum quo.','2015-09-09 06:33:46','2015-09-09 06:33:46'),(946,22,'Cum labore nesciunt itaque fugiat provident.','2015-09-09 06:33:46','2015-09-09 06:33:46'),(947,53,'Quod quo et itaque et laborum enim.','2015-09-09 06:33:46','2015-09-09 06:33:46'),(948,84,'Corporis est dolorem magnam quis.','2015-09-09 06:33:46','2015-09-09 06:33:46'),(949,14,'Quia odio earum et.','2015-09-09 06:33:46','2015-09-09 06:33:46'),(950,85,'Accusamus aut est deserunt odio.','2015-09-09 06:33:46','2015-09-09 06:33:46'),(951,75,'Adipisci aut consectetur ut et ducimus.','2015-09-09 06:33:46','2015-09-09 06:33:46'),(952,38,'Magnam voluptas repellendus dolores.','2015-09-09 06:33:46','2015-09-09 06:33:46'),(953,36,'Magnam nostrum et odio alias consequatur quia fugit dolorem.','2015-09-09 06:33:46','2015-09-09 06:33:46'),(954,68,'Dolorum excepturi repudiandae iste numquam consequatur quisquam.','2015-09-09 06:33:46','2015-09-09 06:33:46'),(955,45,'Recusandae sed veniam quia magnam.','2015-09-09 06:33:46','2015-09-09 06:33:46'),(956,57,'Voluptas dignissimos quibusdam non minus necessitatibus vel.','2015-09-09 06:33:46','2015-09-09 06:33:46'),(957,98,'Possimus odio sit libero mollitia.','2015-09-09 06:33:46','2015-09-09 06:33:46'),(958,97,'Enim necessitatibus rerum qui sapiente.','2015-09-09 06:33:46','2015-09-09 06:33:46'),(959,64,'Sit qui quibusdam mollitia vero nostrum minus.','2015-09-09 06:33:46','2015-09-09 06:33:46'),(960,56,'Quidem non quo at autem voluptatibus porro.','2015-09-09 06:33:46','2015-09-09 06:33:46'),(961,77,'Vel nam ut eum.','2015-09-09 06:33:46','2015-09-09 06:33:46'),(962,39,'Velit voluptate dolore vel culpa cumque.','2015-09-09 06:33:46','2015-09-09 06:33:46'),(963,75,'Neque molestias cupiditate delectus esse.','2015-09-09 06:33:47','2015-09-09 06:33:47'),(964,89,'Alias soluta quaerat temporibus.','2015-09-09 06:33:47','2015-09-09 06:33:47'),(965,84,'Recusandae harum aut iste vero quae.','2015-09-09 06:33:47','2015-09-09 06:33:47'),(966,34,'Earum sint aliquid et.','2015-09-09 06:33:47','2015-09-09 06:33:47'),(967,19,'Numquam ut repellendus velit explicabo iusto dolorum rerum.','2015-09-09 06:33:47','2015-09-09 06:33:47'),(968,99,'Est perspiciatis quia neque quos.','2015-09-09 06:33:47','2015-09-09 06:33:47'),(969,98,'Qui facere aperiam quaerat voluptas aliquid eum aut eveniet.','2015-09-09 06:33:47','2015-09-09 06:33:47'),(970,76,'Est sunt quos et ex.','2015-09-09 06:33:47','2015-09-09 06:33:47'),(971,94,'Eaque aut voluptatem itaque fugiat omnis.','2015-09-09 06:33:47','2015-09-09 06:33:47'),(972,60,'Facere sunt ut veniam autem et.','2015-09-09 06:33:47','2015-09-09 06:33:47'),(973,95,'Quidem culpa nostrum et.','2015-09-09 06:33:47','2015-09-09 06:33:47'),(974,70,'Vel ducimus non sapiente.','2015-09-09 06:33:47','2015-09-09 06:33:47'),(975,16,'Ex enim voluptatum dolorum quo amet sit veniam.','2015-09-09 06:33:47','2015-09-09 06:33:47'),(976,31,'Culpa sed voluptatum molestias omnis temporibus cupiditate.','2015-09-09 06:33:47','2015-09-09 06:33:47'),(977,80,'Incidunt velit et tempora debitis velit et voluptatem dignissimos.','2015-09-09 06:33:47','2015-09-09 06:33:47'),(978,99,'Saepe hic magni porro laboriosam et suscipit accusantium asperiores.','2015-09-09 06:33:47','2015-09-09 06:33:47'),(979,63,'Ut qui natus commodi asperiores.','2015-09-09 06:33:47','2015-09-09 06:33:47'),(980,54,'Et enim velit omnis hic eum.','2015-09-09 06:33:47','2015-09-09 06:33:47'),(981,18,'Doloribus sapiente facere amet et totam.','2015-09-09 06:33:47','2015-09-09 06:33:47'),(982,74,'Est placeat eum porro consectetur.','2015-09-09 06:33:48','2015-09-09 06:33:48'),(983,31,'Ut veniam non est.','2015-09-09 06:33:48','2015-09-09 06:33:48'),(984,92,'Neque perspiciatis dolores veniam asperiores non quas.','2015-09-09 06:33:48','2015-09-09 06:33:48'),(985,34,'Vero veniam repudiandae occaecati autem.','2015-09-09 06:33:48','2015-09-09 06:33:48'),(986,41,'Aut tenetur quam vitae asperiores hic debitis.','2015-09-09 06:33:48','2015-09-09 06:33:48'),(987,92,'Optio dolorum consequuntur iure.','2015-09-09 06:33:48','2015-09-09 06:33:48'),(988,3,'Aspernatur eligendi distinctio ipsum.','2015-09-09 06:33:48','2015-09-09 06:33:48'),(989,9,'Alias nam ipsum mollitia maxime accusantium ut in.','2015-09-09 06:33:48','2015-09-09 06:33:48'),(990,1,'Maxime aut magni consectetur sunt iste.','2015-09-09 06:33:48','2015-09-09 06:33:48'),(991,50,'Aut optio voluptates ut eum officia.','2015-09-09 06:33:48','2015-09-09 06:33:48'),(992,32,'Sed in quae eos rerum.','2015-09-09 06:33:49','2015-09-09 06:33:49'),(993,99,'Omnis error est est provident architecto tenetur reiciendis voluptatem.','2015-09-09 06:33:49','2015-09-09 06:33:49'),(994,29,'Et ipsam quam voluptatem amet.','2015-09-09 06:33:49','2015-09-09 06:33:49'),(995,10,'Dolores et voluptatem voluptate nostrum exercitationem.','2015-09-09 06:33:49','2015-09-09 06:33:49'),(996,77,'Doloribus ea laborum enim velit ut.','2015-09-09 06:33:49','2015-09-09 06:33:49'),(997,9,'Laudantium voluptatibus et ullam.','2015-09-09 06:33:49','2015-09-09 06:33:49'),(998,26,'Facilis quae nihil sunt et distinctio quo ut.','2015-09-09 06:33:49','2015-09-09 06:33:49'),(999,93,'Sint consequuntur autem voluptatibus laudantium aliquam et.','2015-09-09 06:33:49','2015-09-09 06:33:49'),(1000,12,'Iste assumenda id suscipit sint.','2015-09-09 06:33:49','2015-09-09 06:33:49'),(1001,1,'','2015-09-09 07:32:32','2015-09-09 07:32:32');
/*!40000 ALTER TABLE `posts` ENABLE KEYS */;
UNLOCK TABLES;

--
-- Table structure for table `schema_migrations`
--

DROP TABLE IF EXISTS `schema_migrations`;
/*!40101 SET @saved_cs_client     = @@character_set_client */;
/*!40101 SET character_set_client = utf8 */;
CREATE TABLE `schema_migrations` (
  `version` varchar(255) COLLATE utf8_unicode_ci NOT NULL,
  UNIQUE KEY `unique_schema_migrations` (`version`)
) ENGINE=InnoDB DEFAULT CHARSET=utf8 COLLATE=utf8_unicode_ci;
/*!40101 SET character_set_client = @saved_cs_client */;

--
-- Dumping data for table `schema_migrations`
--

LOCK TABLES `schema_migrations` WRITE;
/*!40000 ALTER TABLE `schema_migrations` DISABLE KEYS */;
INSERT INTO `schema_migrations` VALUES ('20150904232355'),('20150908075649'),('20150908080810'),('20150908094529'),('20150909021043');
/*!40000 ALTER TABLE `schema_migrations` ENABLE KEYS */;
UNLOCK TABLES;

--
-- Table structure for table `users`
--

DROP TABLE IF EXISTS `users`;
/*!40101 SET @saved_cs_client     = @@character_set_client */;
/*!40101 SET character_set_client = utf8 */;
CREATE TABLE `users` (
  `id` int(11) NOT NULL AUTO_INCREMENT,
  `name` varchar(255) COLLATE utf8_unicode_ci DEFAULT NULL,
  `email` varchar(255) COLLATE utf8_unicode_ci DEFAULT NULL,
  `created_at` datetime DEFAULT NULL,
  `updated_at` datetime DEFAULT NULL,
  `password_digest` varchar(255) COLLATE utf8_unicode_ci DEFAULT NULL,
  `session_token` varchar(255) COLLATE utf8_unicode_ci DEFAULT NULL,
  PRIMARY KEY (`id`),
  UNIQUE KEY `index_users_on_email` (`email`),
  UNIQUE KEY `index_users_on_session_token` (`session_token`)
) ENGINE=InnoDB AUTO_INCREMENT=101 DEFAULT CHARSET=utf8 COLLATE=utf8_unicode_ci;
/*!40101 SET character_set_client = @saved_cs_client */;

--
-- Dumping data for table `users`
--

LOCK TABLES `users` WRITE;
/*!40000 ALTER TABLE `users` DISABLE KEYS */;
INSERT INTO `users` VALUES (1,'Patrick Su','afgnsu@gmail.com','2015-08-23 00:00:00','2015-09-09 08:15:07','$2a$10$twffEgCRtd2V0FtIgN1XyeCEzXePNmqrYGAtmlb4U6LhGtPsXfCbG','b73089d0c00b7b36079d9dac5d3b6e71d7599736'),(2,'Yitao','sunyt@allbrightlaw.com','2015-09-07 00:00:00','2015-09-09 08:05:29','$2a$10$PffQ0bj7l64XU/egJM/vlehdZJl/KssnT92t7R2ZoqVOeUIh80r2q','76310b7c43815d2a1b801be3d9c24d284d338e16'),(3,'Ed','ed@example.com','2015-08-21 00:00:00','2015-09-09 06:32:51','$2a$10$Hfolc177LHmfWDTNr.mtKO6bADtekkzIlgRL38a4l7wUBRul0Nzym','15323083a06f47a9210d011074eb91fb1f811a97'),(4,'Buddy0','buddy0@example.com','2015-08-15 00:00:00','2015-09-09 06:32:51','$2a$10$GRkITOmX4tMI70j6zE7OEuFBGPr1PI9hGzSkapfq69f25COokEzDy','6aa07340d30e842287cb79010e40ff775fe6f6fc'),(5,'Tre1','tre1@example.com','2015-08-17 00:00:00','2015-09-09 06:32:51','$2a$10$rirNDYDNSomwMxR.u71Zc.luDMXjpSh6vjvnkA1SngZwUrw/7RgIa','f6f0509ef7fc3dc560014d767fae859f9abf37b4'),(6,'Grant2','grant2@example.com','2015-09-03 00:00:00','2015-09-09 06:32:51','$2a$10$xddG9x176f6xe6VV37du4OCpOcqHo7xSS.mK2oqJchB.wAycsVcle','38f48c642a7399e12ed15f274e52e5a66c039f6e'),(7,'Keyshawn3','keyshawn3@example.com','2015-08-28 00:00:00','2015-09-09 06:32:51','$2a$10$Y5iX9GkUaHPRJk6i8hwG8.G9cIUzcHEYmvTI712wGRMl8Lb0Z4AA.','04e6a2962141b2bfad2a4771749220aad2ea3182'),(8,'Deondre4','deondre4@example.com','2015-08-23 00:00:00','2015-09-09 06:32:51','$2a$10$PX519Go/ySZkfzvvNprJvuLtj6RzDgrtvgQaVeXaFFxF6P3vViKZ6','310d8ff4553ae7a97d370b689db99adcf0678279'),(9,'Laverna5','laverna5@example.com','2015-09-04 00:00:00','2015-09-09 06:32:51','$2a$10$6CqGKc6nPPYtD/U/6M3TAeEBNufXEqqo2CpuaoOry23hoZqbdlSCe','91c1094b2654de488b82c5fa60ab8d5132816762'),(10,'Destini6','destini6@example.com','2015-08-11 00:00:00','2015-09-09 06:32:51','$2a$10$mUrKibsc3geJ0079RajLRen.qoxcHMPRq9HUuX1r8Dg8gGYQ/nqXG','aa3cd947fdfc5a30a55ff7f822da761dbb59d9cd'),(11,'Raina7','raina7@example.com','2015-08-18 00:00:00','2015-09-09 06:32:51','$2a$10$iEeuXQuxipSJrfBRCmTppeZxsyGHkH1miudP2gJsGqeHUkKlHbG7C','5dfeef5d2b42e5c4bf92b173ed8b6cd93d4a0703'),(12,'Mikayla8','mikayla8@example.com','2015-09-06 00:00:00','2015-09-09 06:32:51','$2a$10$NAbYXWOr1b3FVT22oARqieeIMEGyKGcX77ez09AaV2/xhLvdZpcBq','33cae4ecf0c31940732564d38fdc0667cf3dd8f7'),(13,'Sage9','sage9@example.com','2015-09-04 00:00:00','2015-09-09 06:32:52','$2a$10$oCoa9T7AWn1w6jXT7EC.YOka3zDkysaXHylBdYyCC5iDWhS4Oj0wC','e806cba3e342a34e4a1c6950e154a1df9e84b194'),(14,'Melba10','melba10@example.com','2015-08-25 00:00:00','2015-09-09 06:32:52','$2a$10$EwSYcCJEqOcrsUtfHgzDVOk5vrAx31CDsx1SmJRkh.17AQDbOL7nK','77d1b3aaa77bec2bbfd5140df426ce3e8a706c4b'),(15,'Jerald11','jerald11@example.com','2015-08-17 00:00:00','2015-09-09 06:32:52','$2a$10$FBTo8KYDm/0oUkrALiPBhOEoaCthZPYypIsh4yhEDMxd6bGw6vcxm','3ae1eaca063b27b31c63fcf30717046e7c625180'),(16,'Cale12','cale12@example.com','2015-08-28 00:00:00','2015-09-09 06:32:52','$2a$10$OF8xCEIloz.z7B9cpaFfMuUqW/pCBLgGzy6v4keJ9UDqW5TgtMoL.','444a78a136970b7c8e87dc95b243a0a0411cdd6c'),(17,'Astrid13','astrid13@example.com','2015-09-09 00:00:00','2015-09-09 06:32:52','$2a$10$jZuv7a3N.DSHqdhce.FvJOi/At5OObUtl0B6xPWrPQ2OLfU9aKtwC','895d0085dd200c54bf663961be32e59a07d64387'),(18,'Stone14','stone14@example.com','2015-09-08 00:00:00','2015-09-09 06:32:52','$2a$10$2yIIstQAq1n7npH3vXNARewY1kz.PU85NFO5J8Iads4kXLE3khHK6','5371ad2abec690911bd3f84a475f8ba60912f52d'),(19,'Dawn15','dawn15@example.com','2015-08-28 00:00:00','2015-09-09 06:32:52','$2a$10$PvqJsUywDWqY2zv3Kg92buru9Rv1GI3BB9F9888g.ubNj7ExGuwh6','6a0a1d72794d93dd2dde6bf47b2af1e6990b673c'),(20,'Veronica16','veronica16@example.com','2015-08-13 00:00:00','2015-09-09 06:32:52','$2a$10$lI9pUml.le2W68X/iDgzqeKEjB7GfCtoWxleSu8wA0dguGEr.LOti','63233b489561113b9a4938172a3d56e4aa333c2c'),(21,'Darion17','darion17@example.com','2015-09-02 00:00:00','2015-09-09 06:32:52','$2a$10$1/CEW3jFMIB6yLhgvCuv2uC548FkJdG9CU/T591bHK40AzffO8xDm','1b23b41d17e0bba1a2dc4c8881b257100d1ee099'),(22,'Katlyn18','katlyn18@example.com','2015-08-17 00:00:00','2015-09-09 06:32:52','$2a$10$MWMY6dB3Q6u49U9WBjpwaOeXHFQv3Ph693KjJp2.OOyPQgKnroqOS','c97ce400588300a47220de688019e9aed13b99ad'),(23,'Gretchen19','gretchen19@example.com','2015-08-30 00:00:00','2015-09-09 06:32:52','$2a$10$6oQludy8Gsp7N0RWPPYiS.PSCeWtko6I/sue/sz4JCbZEwW32UE0q','2dc699700b0202e334bdb9199f8efdc652788ec5'),(24,'Estella20','estella20@example.com','2015-08-30 00:00:00','2015-09-09 06:32:52','$2a$10$NsxtFPlcwFCzZCf8j0U0wOXyaFPgelYxJ8sx.tIHrt1lCna/vit6G','dd8ed7e4848e037f96233fab4acb775f577f927c'),(25,'Allie21','allie21@example.com','2015-09-09 00:00:00','2015-09-09 06:32:52','$2a$10$RrKrybkRybLiRjI1vdHuD.s/nHJjI6pSsMUxoA83ysleZdGXuLzCm','1c2b54fcee90ac885f5dd11898bc6711a5cfec99'),(26,'Issac22','issac22@example.com','2015-08-11 00:00:00','2015-09-09 06:32:52','$2a$10$P91nBcd5TXhp5Gdt9xk40OsVk6Tr/wlpA5TtIMgi8tAzXH.e3TdTC','e90f74a132521cf523ff458618585223e92c3efe'),(27,'Glennie23','glennie23@example.com','2015-09-08 00:00:00','2015-09-09 06:32:52','$2a$10$Zn3WPua8GbM7BGSHwOnh4O2/4GTXrIr91bEu.W3TUkkyUwHLhX67q','51f32f8a00448685804ca16d48e1cc85a6a88836'),(28,'Gudrun24','gudrun24@example.com','2015-09-01 00:00:00','2015-09-09 06:32:52','$2a$10$o6jMoMp7So2Xx6M/2tbty.q2p05CCBiqrTu23ijVMTCsFjne7h5ku','f0426e5cd6b422fa33a1100b0318512978a5cc75'),(29,'Gertrude25','gertrude25@example.com','2015-08-19 00:00:00','2015-09-09 06:32:52','$2a$10$JOxoNTbkJ4C0/qBMUT5s4eqWcBsnUPQqdivw2WhLF4/G/G39jMVPa','e00b0ed0e3538a624bbaee86cb9be6ff0fd4b136'),(30,'Emma26','emma26@example.com','2015-08-16 00:00:00','2015-09-09 06:32:52','$2a$10$Hgwk1MAGp6xWIrIYBdwPue6fuByX/im03PwqbX/vhHNjnmLbIm1va','c37c954f832e23fd232109a7e75824b2a0387ddf'),(31,'Nigel27','nigel27@example.com','2015-09-09 00:00:00','2015-09-09 06:32:52','$2a$10$wDei/Bb4AhSgALt3kgjAvuIIB2VMms/NERZx.FSL.DfP4orsEnvti','eeb121855056772f4337093ead4b74995574798a'),(32,'Shakira28','shakira28@example.com','2015-08-25 00:00:00','2015-09-09 06:32:52','$2a$10$TO3wc.JLBqk2CZ8p8KLBr.0JKG5tUmZorNVmUO93bA5cyOcc.wyrm','e6cfd2906717b17d765589010a2f371c93240353'),(33,'Dessie29','dessie29@example.com','2015-08-11 00:00:00','2015-09-09 06:32:52','$2a$10$R6NsVd3m6x96S6aCNuzXqefp.Lr1tn/6glNTFd6oxTX5aVomsYBWS','51ae258252543fcb238eac370b076b9d9b442411'),(34,'Reagan30','reagan30@example.com','2015-09-04 00:00:00','2015-09-09 06:32:52','$2a$10$qmxe5Uhp1GFQJCibY9sAxuf5jRncuPWEFdIoDRGy8Q7t4NVL91sIe','5318ca88c9a26c15ead09a160da44d00f1b514f2'),(35,'Josefina31','josefina31@example.com','2015-08-30 00:00:00','2015-09-09 06:32:52','$2a$10$0WMFnREga4rqJDbMUeHhSOiuYsjhniZ.c/zifA6vEmBNlPGcNrDCq','137405193616d78d850ec006a4922875e38ca9db'),(36,'Jerad32','jerad32@example.com','2015-08-23 00:00:00','2015-09-09 06:32:53','$2a$10$TIySvj2Z2WOCjkovPLICU.ynggwolAK29b51C34Km9.JGFPbyyM2q','16eb4560665047f446410de84aa6ec5423196b56'),(37,'Antonietta33','antonietta33@example.com','2015-09-02 00:00:00','2015-09-09 06:32:53','$2a$10$Ddr0e4AX7yFW2GUuoFVWTuqNzrwnVGc5JGLmDDNyb4JSqRLVOmiL.','32b7f5d25dc99f982369ebde03c82562bcc0ab33'),(38,'John34','john34@example.com','2015-09-07 00:00:00','2015-09-09 06:32:53','$2a$10$0DZM8TVwoM8noBq6bCdC/elf1vYp7JOIBy61/jnrIoMdvFGiWg2Y.','f97b948a1db52e5d90eea5240bdd497fe1771ff4'),(39,'Larry35','larry35@example.com','2015-08-26 00:00:00','2015-09-09 06:32:53','$2a$10$nhIZ2p3Q6kPOt4v7vRHun.61bkEdwiJMzKT4IUbbpNZqMdorJ4KCq','b75087d94e015992441662a9d792e1cc586c0f1b'),(40,'Meaghan36','meaghan36@example.com','2015-08-26 00:00:00','2015-09-09 06:32:53','$2a$10$wmblhuB3DI9gM2cvspKrrO2sYxPkKkFjFxdknU3kvNOcupjiyae8i','633f00f11cf206dfe3bc3c6122251e76f033e367'),(41,'Camille37','camille37@example.com','2015-08-28 00:00:00','2015-09-09 06:32:53','$2a$10$CeqS17VuTU/mT7Pv/j/Z6etuxLTJlL7IKf8wvZo3eNy4x/iZIx8A.','412ffc2188189f20c8d9e9cd84f5a5ac4b435a58'),(42,'Norene38','norene38@example.com','2015-08-21 00:00:00','2015-09-09 06:32:53','$2a$10$Hw.OPrbc5jwCmwG/r3qCF.zJ1RpNSQt34mI0R3b4vXg8hu8aXAkge','efab09968bea7f81dc5471a7f73fa6da68f9838b'),(43,'Baby39','baby39@example.com','2015-09-04 00:00:00','2015-09-09 06:32:53','$2a$10$mQgf3Di18F8nyZJh1uvrP.U0xI25KnpIJ41DzGaoErDNMIiff0kYG','3af3e1317b3220cad9879811bd9bae8290355f93'),(44,'Hertha40','hertha40@example.com','2015-08-20 00:00:00','2015-09-09 06:32:53','$2a$10$D0R28oO56ZwlhaxyiII3xeoouKWjBKPMIRaDNCOanz0YxXag2RXxm','33c79b11295ac86139ef3595be76cbc6a8effa96'),(45,'Rae41','rae41@example.com','2015-08-26 00:00:00','2015-09-09 06:32:53','$2a$10$g2cfMCbT.ByH.onSfVuWIex4465CzgZKlBxGB6HfotRGcyyGDLudC','1b75c2fa0dcf160e2a939d2b1e0dbc2fad5cd56c'),(46,'Shaun42','shaun42@example.com','2015-09-02 00:00:00','2015-09-09 06:32:53','$2a$10$CFwL1vtPTi1.wLvNaPO1g.qKmnoiEWniTzU9JBkXYwYrCFoRqQ7va','51ab00c76c4119478c3c5cfb261a2c279dd4750e'),(47,'Kyleigh43','kyleigh43@example.com','2015-08-29 00:00:00','2015-09-09 06:32:53','$2a$10$T8SphXXBkxMimtxLMkQRAu0LRdvwy6Cr7KGPH5WbqhogaP9X..J0i','2f21663bec70f87493daca56fe9f57f9b2a98a1a'),(48,'Ryan44','ryan44@example.com','2015-08-20 00:00:00','2015-09-09 06:32:53','$2a$10$0APzH/G.rHtbNJeZFag4M.M3EWqzCpNzbUZr//zm7kZkf7.TBMkIS','07f243d4f035ce59a6ba68aeb876bed2bcffccdb'),(49,'Dino45','dino45@example.com','2015-09-07 00:00:00','2015-09-09 06:32:53','$2a$10$CXEtrnyzzFpQ99v8hQYadOIOJFDtp6WElEgg1JiMOh24x1L.XscKG','f14887aec8984cddf2af13f46bad043d1e5f3b2e'),(50,'Pierre46','pierre46@example.com','2015-08-27 00:00:00','2015-09-09 06:32:53','$2a$10$GvOtXW3JyUbXMACv1H0Q3.BQSB05N29SNgHHr713sGnE9kO12REvO','ab174b36f5fa3f8c2d21e889f7da79574c789893'),(51,'Wilton47','wilton47@example.com','2015-09-03 00:00:00','2015-09-09 06:32:53','$2a$10$E/DVP4MzLSwlzHxYsABmxugRAlGOgwHNbt0fFGvf8YelyXoBDD2bK','15799f6c70288250b0db4f34064c9e76087ebcda'),(52,'Elroy48','elroy48@example.com','2015-09-07 00:00:00','2015-09-09 06:32:53','$2a$10$vBjaOV4ZqDYLhF5HKreKvuNK1EOmn.87AYSicaOaj..pvvk9uOQpm','2bc4c7582df53e63ffaf9ca636002c59fa385e75'),(53,'Makayla49','makayla49@example.com','2015-08-30 00:00:00','2015-09-09 06:32:53','$2a$10$fhyBFMdqioEQv7YGglqowuTtLZdqXzfGYwIDQ8FUlSwChLBiRpTP.','f652e4ade0d67c8be02c5f3dd44f4c1d67079078'),(54,'Jarrod50','jarrod50@example.com','2015-08-28 00:00:00','2015-09-09 06:32:54','$2a$10$qV5ys2wya1JBErZu8ZMrAultZ5khrZTXTh3sCZ81XXjHtS67PsYTa','86accc4d35b94af85adf4ff2f5bfe98cbb984470'),(55,'Ella51','ella51@example.com','2015-08-28 00:00:00','2015-09-09 06:32:54','$2a$10$2JAK25/FrlPKTmtFdWwEBuha0PafhhriO7567Sq1XYwCTZeKAwi6q','010813f329acc8a04a43abb780c626ea69702067'),(56,'Savannah52','savannah52@example.com','2015-08-24 00:00:00','2015-09-09 06:32:54','$2a$10$ESNs9NA7SXpu9s07fk7REOz4aPOVrd.ZOKQvL7J4yR55fJ/3iAbUC','2c50f9d50ee6803314d0fe25821116636aa0c807'),(57,'Daisha53','daisha53@example.com','2015-08-31 00:00:00','2015-09-09 06:32:54','$2a$10$1yPLKlY4f9xW4mtsrc9nouLe8VA4VZTGugKNvt39ePtAwUZEBtdE6','8c5d3c68563ed42a385e153cd1cfaccb76295a41'),(58,'Demetrius54','demetrius54@example.com','2015-08-24 00:00:00','2015-09-09 06:32:54','$2a$10$UBr21VuhB8Rzb618DFs4DOy6/D47QHjaJNW4XKST8xURLAWblkbWe','dcc8db53cec9a5902a1f2d4106e37c29b6df6751'),(59,'Bettie55','bettie55@example.com','2015-09-02 00:00:00','2015-09-09 06:32:54','$2a$10$xlOqg4AcBZ5oco58.U/ate6Sv.twDT9p9SGkIdiM3C/vK67Dyx45G','62cd9641b33c40c0b74c6f7fc9c21d0c2878af88'),(60,'Ethyl56','ethyl56@example.com','2015-09-08 00:00:00','2015-09-09 06:32:54','$2a$10$ihSiMR0/2ZIy39Z2GF9KNe2VwtyQT.wy.HJcHS4nvfvawGXVbh7Oa','03bf4a8d1c4999b40e651b23f425a052131db0fc'),(61,'Art57','art57@example.com','2015-09-02 00:00:00','2015-09-09 06:32:54','$2a$10$aVD.PrfKgEts.m1pQFeLjerfyJXzGBbpx2BvP75yb5APklva3j2Gu','9b72f0494678faaad2e784e2c8e81608bf89f02b'),(62,'Everardo58','everardo58@example.com','2015-08-23 00:00:00','2015-09-09 06:32:54','$2a$10$nuxFMm0kGmuCcmGKrT1yhOMLhDxieR3x7/xXH9V6.bGuL7TO.sPTy','bac8dbf0ed89e6bbc092ef4e5cb1ca1fa1a77c52'),(63,'Otto59','otto59@example.com','2015-08-11 00:00:00','2015-09-09 06:32:55','$2a$10$ifIj/hG3MNj2pk/XJNRLXOIZ6Jmq0HSaczx0J5CiJl9LOa9qPl.Ue','a4067d039d1198b5356544b63634d39a70ded4a8'),(64,'Moises60','moises60@example.com','2015-08-28 00:00:00','2015-09-09 06:32:55','$2a$10$avGYiwvCPHC1/dFzreY45.XcC7keX2sjFmgiDUfx6Qimf80ZmduRO','5fc317cc0620162dcbb78348113ceafea3069c40'),(65,'Baron61','baron61@example.com','2015-08-29 00:00:00','2015-09-09 06:32:55','$2a$10$4juXjrmQdwpIpT5gIROiluXs4n7EkiQsaOPtNha07zIcQT867qZYG','19ecc7789637a58436f6edb4c7c9f95d148472c2'),(66,'Brown62','brown62@example.com','2015-09-02 00:00:00','2015-09-09 06:32:55','$2a$10$qbRbu9ovRBLK5wqvbs1DMu0Z7JqERCwCkKtk8r5fHLEnEe2CFVYJu','8ec7153210ef08fd36a7e3754011a42a9f25c2f5'),(67,'Loma63','loma63@example.com','2015-08-22 00:00:00','2015-09-09 06:32:55','$2a$10$wfbG29hSp8N4rWoh7j6QaOYdvxvL0hzRfIYItUpv0FXw4tEB1NZCy','abe8d1f72ada75a69da634a3b40b87831da35164'),(68,'Tillman64','tillman64@example.com','2015-09-06 00:00:00','2015-09-09 06:32:55','$2a$10$OVXQ97YUHPlOA/BG/DbBRuxfFiXLIJ20zVxIw90ozvPhOKMtGu.jy','11e0da7103896c2efedca737d761e819ce462844'),(69,'Nils65','nils65@example.com','2015-08-24 00:00:00','2015-09-09 06:32:55','$2a$10$KiMO0DAkB7RXz7OEYzXOteMJ300DhRNzJCxnu4CYn0SRF8gkHrVPK','9a52c705fc67d3bbf3680638d856d56141528f1f'),(70,'Moriah66','moriah66@example.com','2015-08-20 00:00:00','2015-09-09 06:32:55','$2a$10$ZF623088H52vWRUuI6WGnORYosmOwnm8px1aeXFb97aKqEUz2DWf6','25b1d035994c31c2b28d98c0a2ca7030f389a449'),(71,'Jena67','jena67@example.com','2015-09-01 00:00:00','2015-09-09 06:32:55','$2a$10$qIUuRAXvfshr3W5VLI9DU.2naLKhfRD43qSOUh3.hXyum00au4Yz6','eee829ba36f6153dca028a8677837d3af4cae84e'),(72,'Nickolas68','nickolas68@example.com','2015-08-26 00:00:00','2015-09-09 06:32:55','$2a$10$PDGZhXuYwxXzxsmyCsNqK.uW3Ge36SomoUeslyLdBlXyUqRQBgvvm','8153fd52a0da23b5ffbeed47533e4d2fb1d16410'),(73,'Kayden69','kayden69@example.com','2015-08-12 00:00:00','2015-09-09 06:32:55','$2a$10$gzqSLdXJKQsEIMpngkXa..L.Y/0G/hKq39qIpojUVcKZ9jlRjPC5m','84edca66566b16e65e84b5719fecc1674584fa85'),(74,'Trevor70','trevor70@example.com','2015-08-17 00:00:00','2015-09-09 06:32:55','$2a$10$dV6Qw34ScXulYBaZm5F11uOXGcCrwm9QrkYeQ0ydH4Jxnug5P.bUG','ed8fbbcc474493018a11e74b8631643f48484fb2'),(75,'Whitney71','whitney71@example.com','2015-08-11 00:00:00','2015-09-09 06:32:55','$2a$10$uqRo9Qsh9MfoLUknZdcslOsl24uh4Ltd/MRyV2aHmsLTpJ0c7HqPa','96bd67fff1683ffa9457a3a0a6594098998ea1fc'),(76,'Gretchen72','gretchen72@example.com','2015-08-16 00:00:00','2015-09-09 06:32:55','$2a$10$zwcPhkgS7bKpT7VMeYMUBueX20dGlqtADQy3nHKuOUAoGpK7Ay9jy','b596b4af380ecf57a0dd9b9382809121001e135f'),(77,'Shaun73','shaun73@example.com','2015-08-17 00:00:00','2015-09-09 06:32:55','$2a$10$hzF3Gn0iGO838WilIDl6Revm2ZR.u9CwHO1CQoHZUXAzrTzOy4VOe','afc10a96e229a4de2ccb908533e32356c21bf92a'),(78,'Chet74','chet74@example.com','2015-09-08 00:00:00','2015-09-09 06:32:55','$2a$10$K2FUMSB6A6maGY8gdJj.XekUZXhdYhT3Lo7NsoNHWZOinsiflTNBy','b008733c099bf800772f8fc1d91251f673877205'),(79,'Olen75','olen75@example.com','2015-08-18 00:00:00','2015-09-09 06:32:55','$2a$10$vQpiL/axOkyt0BqrMsuaDOkewXILNHGYtzCDsKCLuMf6JkOUlgkZK','c8ff17e4b399649bdcbbd5a0241c10d2739cc35e'),(80,'Abby76','abby76@example.com','2015-08-26 00:00:00','2015-09-09 06:32:55','$2a$10$OZ6QfyymXkGhru3SO/aLauhe43yvS7.BotxGIX0WXI20TN.ilxt/y','a70522d77ab2cd5aa6978b6591d7779ecc4b28b1'),(81,'Emiliano77','emiliano77@example.com','2015-08-28 00:00:00','2015-09-09 06:32:56','$2a$10$5hmmlQH0jWaW88DOXJ8Ql.cxjEMazWkaxGeObJk26.gtn59wcJGKO','f5f875413f9714aeee6eb0bd47c7876c10e3ab29'),(82,'Arne78','arne78@example.com','2015-09-01 00:00:00','2015-09-09 06:32:56','$2a$10$BB5kI1CoUkXuJlk2p4KsJe5KR9rSE4IkhtHz/Jw5YyrqIuQ2nUfFm','60543dd74507f2a99d32772031f169c6942a5edf'),(83,'Cielo79','cielo79@example.com','2015-09-02 00:00:00','2015-09-09 06:32:56','$2a$10$rwWMOT/6yS5wthJWruXgo.hkF6E3dDrdVeswDutVPmKP0F.dksp..','7d33a82ce04d91be12a65962cd0881d019e3b3d8'),(84,'Jeffery80','jeffery80@example.com','2015-09-05 00:00:00','2015-09-09 06:32:56','$2a$10$K.8amIMeEW7llu0/ubqPXOLSt8zL0FsaAxbwG.5LJfkH1lCuEfLQy','a4d8dbd0815ff740860bb6c54157b75d4f3004a1'),(85,'Glen81','glen81@example.com','2015-09-07 00:00:00','2015-09-09 06:32:56','$2a$10$BsWy85zAJ/opJ3s1bF3jf.tl5VzHZYpNwBM/SPE6VAFxKphLIOzBG','6e4b39f3de43932a4a3487608bb76076e8a18f46'),(86,'Randal82','randal82@example.com','2015-08-25 00:00:00','2015-09-09 06:32:56','$2a$10$IL6NXe2CV.2fcwdR2ahu0em4leQ.hanzv03odF8PONRf2BdbzDcQC','0230a5ef6d43e4b98432c33c05561626320b7f68'),(87,'Geoffrey83','geoffrey83@example.com','2015-08-29 00:00:00','2015-09-09 06:32:56','$2a$10$2muS4PlmNtlaKXGv.94uVu.6YMjcMlbaQYHqjVOI9ikrBixwjgYUy','311a68376ed25f35c1a43dd64b75b4743cd558c2'),(88,'Evalyn84','evalyn84@example.com','2015-08-23 00:00:00','2015-09-09 06:32:56','$2a$10$cdW4Gh/aHH5OOEgLYcUAp./VQqggZhS.wXKxz9PWppWaat2h4e2ey','a17811e65e500f2cc940304b19ffd182b554d067'),(89,'Enola85','enola85@example.com','2015-09-05 00:00:00','2015-09-09 06:32:56','$2a$10$kB9O23buIIm2bVcqIH8YKeBmBw25v1K6jsaX23FeJZ2G0OXtPherO','29820d23eeca0a6fff2ac313e1354a8a509f5d11'),(90,'Alize86','alize86@example.com','2015-08-24 00:00:00','2015-09-09 06:32:56','$2a$10$/nmhgnXk17gaeCCzpwpVUelpMm8iJMbJNn0BX6eKVjCHzB1nlfZ6i','ea594e6cf842fa87516ba894b4da86fd1d40b4b4'),(91,'Alison87','alison87@example.com','2015-08-20 00:00:00','2015-09-09 06:32:56','$2a$10$QyGgPXcL135N8qYJzdI3a.ibxzARdyZHdPJsl.3qMF6YOOb/Kzfve','bcac569b0055aa7f86d2da12d646751f510209bf'),(92,'Rickey88','rickey88@example.com','2015-09-03 00:00:00','2015-09-09 06:32:56','$2a$10$eMLGkq.MFjtWaKE3ELk0ieh.kVo7LJTzNgLwHcE/MRIX.Kle.rSi6','26bf801c35ad7499f2b2094f7b73a58ea7ac153f'),(93,'Kyla89','kyla89@example.com','2015-09-01 00:00:00','2015-09-09 06:32:56','$2a$10$2.buwdQLjTtouPi7hpaF4O8e3M.mknSQ07EtB9owo11smda.AjyX2','fa3ba586b26d754ca62c6fc620258abbf7316f2b'),(94,'Remington90','remington90@example.com','2015-09-02 00:00:00','2015-09-09 06:32:56','$2a$10$UFe4KvcAS7GP4nZJnNIRk.OHgiuovDDrOBEHsKOv7m2VczYnU3wB.','47b31f74bb69d70c4020cb5991b41ca5619c0441'),(95,'Cecelia91','cecelia91@example.com','2015-08-25 00:00:00','2015-09-09 06:32:56','$2a$10$GxPrbZjeXZyQsxAO14A0wegLYJfNbZLX4HgwgJaYuExKCzDS/nFeK','a1cba731fcaa28e58c8d6a7d8f1cfd3f9fa2e933'),(96,'Mireya92','mireya92@example.com','2015-08-14 00:00:00','2015-09-09 06:32:56','$2a$10$vt0..Agwq3/.9G7dqc.yC.dQ9froC/kPflfN/wdTdMCEzgZBkVoO.','2a8c5cdcdc6abaabcadd7f0a5e7059d5daf238d2'),(97,'Lexi93','lexi93@example.com','2015-08-11 00:00:00','2015-09-09 06:32:56','$2a$10$evBTz1gwAiKkmZmHHTZVhuRcxl0KAiGzOM/swdoOMBnipmqf3Cr7e','b98da4cbcde38625c50b5de46bfc95a499ba592d'),(98,'Nettie94','nettie94@example.com','2015-08-12 00:00:00','2015-09-09 06:32:56','$2a$10$x7PjmqbwyctIsmzmdmOOs.9SkVtF6ZOYpKCvL16zVTXoqbb3eafqm','54b24c03bf35fab3c2cb2a05884afae17e2867bf'),(99,'Ford95','ford95@example.com','2015-08-24 00:00:00','2015-09-09 06:32:56','$2a$10$3nl5tdrR2iSyOD.5IRQ5aenvNEwfpJXf.8m7SCFKav1WMUQGoE.K6','aa188e61c004e6e45e5a79ab478480887fccd0e0'),(100,'Lauretta96','lauretta96@example.com','2015-08-12 00:00:00','2015-09-09 06:32:56','$2a$10$JuQLwf9DZq0b7DmTZMpBtOLttdtQpq6orRjblDFIbDfLeMEpwm9ha','b6b2dbff0707af149419f9a62af2f606921cbefe');
/*!40000 ALTER TABLE `users` ENABLE KEYS */;
UNLOCK TABLES;
/*!40103 SET TIME_ZONE=@OLD_TIME_ZONE */;

/*!40101 SET SQL_MODE=@OLD_SQL_MODE */;
/*!40014 SET FOREIGN_KEY_CHECKS=@OLD_FOREIGN_KEY_CHECKS */;
/*!40014 SET UNIQUE_CHECKS=@OLD_UNIQUE_CHECKS */;
/*!40101 SET CHARACTER_SET_CLIENT=@OLD_CHARACTER_SET_CLIENT */;
/*!40101 SET CHARACTER_SET_RESULTS=@OLD_CHARACTER_SET_RESULTS */;
/*!40101 SET COLLATION_CONNECTION=@OLD_COLLATION_CONNECTION */;
/*!40111 SET SQL_NOTES=@OLD_SQL_NOTES */;

-- Dump completed on 2015-09-09 16:22:05
